,Player,Team,Thorws,Pos.,IP,TBF,FIP-,xFIP-,tRA-,xtRA-,K-BB%,K%,BB%,FIP,xFIP,tRA,xtRA,HR/FB,DER,GB%,LD%,OFFB%,IFFB%,RSAA,投球WAR
0,松木平 優太,中,右,SP,82.7,320,83,85,83,86,10.9,17.5,6.6,3.19,3.28,3.17,3.32,2.3,0.736,48.5,6.8,36.3,8.4,6.2,1.7
1,仲地 礼亜,中,右,SP,45.3,188,53,62,66,77,19.7,24.5,4.8,2.03,2.4,2.55,2.97,0.0,0.632,46.9,10.1,37.7,5.3,6.5,1.3
2,椋木 蓮,オ,右,SP,42.0,157,67,77,65,76,15.3,20.4,5.1,2.58,2.97,2.48,2.92,0.0,0.724,43.7,7.1,38.0,11.2,6.4,1.2
3,森 翔平,広,左,SP,53.0,224,78,70,81,77,17.4,22.3,4.9,2.99,2.68,3.13,2.94,4.8,0.641,41.7,8.8,38.6,10.9,4.2,1.1
4,佐藤 一磨,オ,左,SP,42.7,166,82,90,72,82,9.0,18.7,9.6,3.14,3.46,2.76,3.14,0.0,0.748,45.9,7.0,33.4,13.7,5.2,1.1
5,笠谷 俊介,ソ,左,SP,43.0,178,72,79,75,84,14.6,21.9,7.3,2.77,3.05,2.87,3.22,0.0,0.634,57.9,7.5,30.6,4.1,4.6,1.0
6,ハッチ,広,右,SP,34.3,130,72,81,62,73,12.3,16.2,3.8,2.77,3.12,2.4,2.8,0.0,0.718,50.2,6.1,32.0,11.7,5.5,1.0
7,玉村 昇悟,広,左,SP,45.0,170,96,92,80,78,8.2,13.5,5.3,3.69,3.54,3.08,3.0,3.9,0.774,43.6,4.0,36.7,15.7,3.8,1.0
8,菅井 信也,西,左,SP,44.0,181,70,77,79,88,17.7,24.9,7.2,2.57,2.83,2.92,3.25,1.7,0.642,33.2,8.3,49.1,9.3,3.7,1.0
9,前田 純,ソ,左,SP,47.3,189,76,88,85,99,10.1,16.4,6.3,2.92,3.38,3.28,3.81,0.0,0.726,38.2,10.0,42.1,9.7,3.0,0.9
10,與座 海人,西,右,SP,51.3,210,93,101,89,99,6.7,12.4,5.7,3.42,3.72,3.28,3.65,1.5,0.696,40.0,7.0,40.3,12.7,2.3,0.9
11,田中 晴也,ロ,右,SP,39.3,161,74,79,78,84,16.1,24.8,8.7,2.73,2.9,2.87,3.1,2.2,0.714,45.0,5.5,43.8,5.8,3.5,0.9
12,上原 健太,日,左,SP,29.3,116,58,67,63,73,17.2,20.7,3.4,2.14,2.47,2.31,2.71,0.0,0.682,54.5,9.7,30.1,5.7,4.5,0.9
13,ビーズリー,神,右,SP,23.0,85,57,65,49,58,21.2,29.4,8.2,2.2,2.49,1.89,2.23,0.0,0.774,48.3,5.6,34.7,11.3,5.0,0.8
14,石田 裕太郎,デ,右,SP,40.0,162,82,77,82,80,16.0,21.6,5.6,3.02,2.84,3.01,2.93,4.4,0.69,47.1,6.1,38.8,8.0,3.0,0.8
15,羽田 慎之介,西,左,SP,31.0,118,79,88,69,79,13.6,26.3,12.7,2.91,3.26,2.54,2.92,0.0,0.803,49.3,5.3,35.1,10.3,3.9,0.8
16,又木 鉄平,巨,左,SP,42.0,174,91,88,86,85,11.5,17.8,6.3,3.37,3.23,3.16,3.11,4.1,0.677,45.1,6.9,36.3,11.6,2.4,0.8
17,髙橋 宏斗,中,右,SP,29.0,112,75,81,69,77,12.5,19.6,7.1,2.88,3.13,2.67,2.97,0.0,0.765,61.1,6.8,26.0,6.2,3.8,0.8
18,根本 悠楓,日,左,SP,26.3,104,67,78,65,77,17.3,26.0,8.7,2.45,2.86,2.39,2.83,0.0,0.731,48.7,5.9,37.9,7.5,3.8,0.7
19,和田 毅,ソ,左,SP,19.3,82,44,37,44,40,29.3,30.5,1.2,1.71,1.44,1.69,1.55,4.5,0.574,37.9,6.5,38.9,16.7,4.6,0.7
20,大山 凌,ソ,右,SP,43.0,175,91,84,90,85,13.1,20.6,7.4,3.51,3.23,3.47,3.29,5.0,0.664,50.8,8.4,31.7,9.2,1.8,0.7
21,平良 拳太郎,デ,右,SP,18.3,73,60,68,41,51,15.1,16.4,1.4,2.22,2.51,1.52,1.88,0.0,0.667,45.4,8.4,26.9,19.3,4.4,0.7
22,福谷 浩司,中,右,SP,29.0,118,69,65,74,73,18.6,22.0,3.4,2.64,2.5,2.87,2.82,3.8,0.624,53.0,10.3,29.7,7.0,3.2,0.7
23,阪口 皓亮,ヤ,右,SP,59.0,236,109,102,101,96,6.4,14.8,8.5,4.01,3.75,3.72,3.53,5.3,0.773,55.0,5.2,31.6,8.2,-0.2,0.7
24,村田 賢一,ソ,右,SP,31.3,115,89,100,78,90,5.2,12.2,7.0,3.43,3.84,3.02,3.47,0.0,0.826,51.4,3.8,34.9,9.9,2.9,0.7
25,ロドリゲス,ヤ,右,SP,20.0,81,60,74,51,64,16.0,19.8,3.7,2.22,2.73,1.88,2.38,0.0,0.71,47.4,3.5,37.9,11.3,4.0,0.7
26,メンデス,巨,左,SP,52.0,227,103,100,99,98,9.7,19.4,9.7,3.79,3.67,3.64,3.61,4.0,0.662,48.4,8.7,32.2,10.7,0.3,0.7
27,吉田 一将,O,右,RP,25.7,101,47,58,48,60,21.8,23.8,2.0,1.73,2.15,1.75,2.21,0.0,0.693,42.7,8.5,37.5,11.3,5.5,0.7
28,村西 良太,オ,右,SP,42.3,188,104,105,93,97,5.3,12.8,7.4,3.98,4.03,3.59,3.72,2.3,0.664,50.6,7.0,30.4,12.0,1.2,0.7
29,森 唯斗,デ,右,SP,35.0,134,82,74,86,81,16.4,20.9,4.5,3.02,2.73,3.18,2.98,5.2,0.729,50.8,6.8,37.2,5.1,2.0,0.6
30,富田 蓮,神,左,SP,23.7,98,89,96,69,77,8.2,17.3,9.2,3.42,3.68,2.64,2.95,0.0,0.7,49.2,6.6,26.5,17.6,3.2,0.6
31,門別 啓人,神,左,SP,42.0,172,98,93,94,91,8.1,15.1,7.0,3.77,3.56,3.63,3.51,4.2,0.69,45.1,7.3,35.7,11.8,1.0,0.6
32,柳川 大晟,日,右,SP,15.0,57,39,48,35,45,28.1,33.3,5.3,1.43,1.76,1.3,1.65,0.0,0.686,47.2,7.5,33.9,11.4,4.0,0.6
33,三浦 瑞樹,ソ,左,SP,52.7,212,90,95,101,108,9.0,16.5,7.5,3.46,3.65,3.89,4.14,1.6,0.724,46.3,9.4,38.5,5.8,-0.3,0.6
34,西濱 勇星,ハ,右,SP,61.0,265,111,105,105,102,4.5,13.6,9.1,4.25,4.03,4.03,3.93,4.1,0.714,45.9,7.1,35.3,11.7,-1.3,0.6
35,コルニエル,広,右,RP,15.0,51,29,35,17,23,37.3,43.1,5.9,1.13,1.36,0.64,0.88,0.0,0.885,53.2,2.1,33.2,11.5,5.3,0.6
36,茨木 秀俊,神,右,SP,45.0,186,105,114,98,108,2.2,15.6,13.4,4.04,4.37,3.76,4.14,0.0,0.752,53.0,6.0,31.6,9.4,0.4,0.6
37,山下 舜平大,オ,右,SP,17.7,71,68,76,54,62,19.7,29.6,9.9,2.62,2.94,2.06,2.4,0.0,0.732,30.1,7.7,37.8,24.4,3.5,0.6
38,遠藤 淳志,広,右,SP,40.7,163,102,96,97,93,8.6,17.2,8.6,3.91,3.68,3.74,3.58,4.5,0.748,42.2,8.0,36.1,13.7,0.5,0.6
39,庄司 陽斗,デ,左,SP,39.3,158,93,96,96,100,9.5,16.5,7.0,3.44,3.52,3.53,3.7,2.5,0.698,55.1,6.6,34.0,4.3,0.7,0.6
40,美馬 学,ロ,右,SP,42.7,172,98,78,98,83,14.5,19.2,4.7,3.6,2.87,3.63,3.05,7.7,0.683,46.2,7.0,38.1,8.7,0.3,0.6
41,牧野 憲伸,O,左,SP,61.0,253,108,87,107,91,11.1,17.0,5.9,3.97,3.2,3.95,3.35,7.6,0.661,42.1,7.9,38.8,11.2,-1.8,0.6
42,二宮 衣沙貴,ハ,右,SP,59.0,252,106,100,107,103,6.3,15.9,9.5,4.09,3.84,4.11,3.95,4.5,0.711,47.7,7.8,35.5,9.0,-1.8,0.5
43,前田 悠伍,ソ,左,SP,14.7,52,71,78,49,58,11.5,13.5,1.9,2.71,2.98,1.88,2.22,0.0,0.75,51.8,5.5,26.8,15.9,3.2,0.5
44,畔柳 亨丞,日,右,SP,13.3,49,47,57,40,52,24.5,28.6,4.1,1.72,2.12,1.48,1.91,0.0,0.727,48.8,4.1,38.0,9.1,3.3,0.5
45,石川 歩,ロ,右,SP,22.0,83,74,86,75,89,10.8,12.0,1.2,2.73,3.15,2.75,3.26,0.0,0.718,51.7,7.5,33.7,7.0,2.3,0.5
46,バーヘイゲン,日,右,SP,24.0,108,69,66,80,81,17.6,22.2,4.6,2.53,2.42,2.94,2.97,3.5,0.558,45.6,11.0,35.6,7.8,2.0,0.5
47,松井 颯,巨,右,SP,32.0,143,91,101,92,103,7.7,18.9,11.2,3.37,3.72,3.39,3.81,0.0,0.694,53.3,8.6,31.7,6.3,1.0,0.5
48,フェリス,中,右,RP,17.3,67,51,61,43,54,22.4,28.4,6.0,1.96,2.34,1.66,2.06,0.0,0.75,31.3,7.8,40.4,20.5,4.2,0.5
49,堀岡 隼人,デ,右,RP,18.3,77,47,56,45,55,22.1,27.3,5.2,1.73,2.07,1.66,2.04,0.0,0.635,45.1,8.7,32.7,13.5,4.1,0.5
50,森下 瑠大,デ,左,SP,36.7,155,88,90,98,103,11.6,16.1,4.5,3.26,3.31,3.6,3.78,2.4,0.632,54.3,7.8,35.3,2.6,0.3,0.5
51,近藤 廉,中,左,RP,23.0,89,69,75,59,66,14.6,19.1,4.5,2.64,2.88,2.27,2.55,0.0,0.716,64.8,5.2,23.9,6.1,4.0,0.5
52,山野 太一,ヤ,左,SP,28.0,105,87,88,89,92,12.4,18.1,5.7,3.22,3.25,3.28,3.37,3.1,0.753,43.5,7.2,40.3,9.1,1.3,0.5
53,辛島 航,楽,左,SP,35.0,131,84,89,97,104,10.7,15.3,4.6,3.11,3.27,3.57,3.82,2.3,0.738,40.4,9.4,43.2,7.0,0.4,0.5
54,岡田 俊哉,中,左,SP,14.7,59,51,60,57,67,18.6,18.6,0.0,1.96,2.29,2.2,2.56,0.0,0.667,58.8,7.7,29.4,4.2,2.7,0.5
55,古謝 樹,楽,左,SP,55.7,227,103,89,109,98,11.9,21.6,9.7,3.78,3.27,4.0,3.6,6.8,0.707,44.0,9.6,38.1,8.3,-2.0,0.5
56,上間 永遠,西,右,SP,32.0,133,96,97,95,98,6.0,12.0,6.0,3.52,3.56,3.5,3.62,2.8,0.71,53.6,7.2,32.6,6.6,0.7,0.5
57,小孫 竜二,楽,右,SP,41.3,193,90,97,102,110,10.4,21.8,11.4,3.32,3.57,3.77,4.07,1.8,0.603,44.6,7.7,44.5,3.2,-0.4,0.5
58,藤井 聖,楽,左,SP,13.0,50,79,86,49,57,10.0,18.0,8.0,2.9,3.17,1.81,2.11,0.0,0.757,57.0,3.7,23.1,16.2,2.7,0.5
59,細野 晴希,日,左,SP,21.3,81,85,93,81,91,8.6,19.8,11.1,3.13,3.43,2.97,3.35,0.0,0.804,49.5,10.4,29.3,10.9,1.7,0.4
60,西 純矢,神,右,SP,54.7,231,103,83,109,93,14.3,21.2,6.9,3.96,3.2,4.21,3.59,7.7,0.638,48.2,7.4,38.6,5.8,-2.2,0.4
61,下川 隼佑,O,右,SP,45.3,209,120,102,106,93,8.6,19.6,11.0,4.42,3.77,3.91,3.43,7.4,0.649,43.2,5.4,37.3,14.1,-1.2,0.4
62,畠 世周,巨,右,RP,21.3,78,80,90,60,72,11.5,19.2,7.7,2.94,3.31,2.22,2.64,0.0,0.804,46.3,5.2,32.4,16.1,3.5,0.4
63,松葉 貴大,中,左,SP,22.0,78,96,108,85,99,2.6,10.3,7.7,3.69,4.15,3.28,3.79,0.0,0.841,52.8,1.3,38.0,7.9,1.4,0.4
64,佐々木 千隼,デ,右,RP,19.3,77,67,74,56,63,19.5,28.6,9.1,2.49,2.71,2.07,2.32,0.0,0.717,64.7,5.2,23.4,6.7,3.5,0.4
65,津田 淳哉,神,右,SP,26.0,107,87,84,93,92,11.2,15.9,4.7,3.35,3.23,3.57,3.55,3.5,0.659,51.3,8.5,34.0,6.2,0.8,0.4
66,唐川 侑己,ロ,右,SP,15.0,58,68,75,67,77,13.8,13.8,0.0,2.5,2.76,2.48,2.84,0.0,0.673,56.3,10.9,24.4,8.3,2.0,0.4
67,野村 祐輔,広,右,SP,47.7,196,105,104,108,109,4.1,12.8,8.7,4.03,3.99,4.17,4.21,3.1,0.713,41.6,7.7,40.8,9.9,-1.7,0.4
68,高野 脩汰,ロ,左,SP,12.7,49,42,53,59,71,30.6,32.7,2.0,1.55,1.93,2.17,2.6,0.0,0.633,49.8,9.6,40.6,0.0,2.1,0.4
69,大江 竜聖,巨,左,RP,13.0,51,43,48,38,45,29.4,31.4,2.0,1.6,1.78,1.39,1.64,0.0,0.656,52.8,10.2,24.1,12.9,3.3,0.4
70,齋藤 響介,オ,右,SP,23.7,105,96,107,92,104,7.6,21.9,14.3,3.68,4.12,3.53,4.0,0.0,0.708,38.3,5.8,43.6,12.3,0.8,0.4
71,濵口 遥大,デ,左,SP,31.3,124,106,95,100,91,8.9,16.9,8.1,3.91,3.51,3.7,3.37,6.2,0.773,48.8,6.3,34.5,10.3,0.0,0.4
72,メヒア,中,右,SP,13.0,49,76,85,64,74,12.2,16.3,4.1,2.93,3.26,2.45,2.84,0.0,0.763,52.8,4.4,32.0,10.8,2.0,0.4
73,赤星 優志,巨,右,SP,13.0,51,60,71,63,75,21.6,23.5,2.0,2.21,2.62,2.31,2.77,0.0,0.75,48.8,7.1,38.0,6.1,2.0,0.4
74,松本 凌人,デ,右,RP,13.3,52,73,79,43,49,19.2,23.1,3.8,2.69,2.91,1.57,1.82,0.0,0.657,54.6,3.9,21.6,20.0,3.1,0.4
75,グリフィン,巨,左,SP,21.3,85,81,57,89,70,22.4,27.1,4.7,2.99,2.11,3.3,2.59,10.0,0.667,54.0,9.7,32.6,3.6,0.9,0.4
76,北山 亘基,日,右,SP,9.3,42,42,50,43,53,23.8,31.0,7.1,1.54,1.86,1.58,1.95,0.0,0.538,39.1,9.7,35.1,16.0,2.2,0.4
77,中森 俊介,ロ,右,SP,23.0,95,82,81,93,94,15.8,22.1,6.3,3.02,2.98,3.43,3.48,3.4,0.677,40.1,9.9,42.5,7.6,0.6,0.4
78,伊藤 将司,神,左,SP,13.0,43,92,98,68,77,2.3,9.3,7.0,3.54,3.78,2.63,2.95,0.0,0.806,53.1,6.5,23.7,16.7,1.8,0.4
79,小園 健太,デ,右,SP,25.0,98,104,90,96,85,10.2,13.3,3.1,3.85,3.31,3.55,3.14,6.4,0.74,39.1,7.3,38.0,15.6,0.4,0.3
80,井上 温大,巨,左,SP,11.0,43,42,55,58,72,27.9,30.2,2.3,1.55,2.03,2.13,2.67,0.0,0.571,40.6,7.7,48.1,3.6,1.9,0.3
81,藤岡 好明,ハ,右,RP,9.3,36,43,50,26,34,25.0,27.8,2.8,1.64,1.92,1.01,1.31,0.0,0.68,36.2,8.7,30.2,25.0,2.9,0.3
82,大野 雄大,中,左,SP,33.3,134,104,89,105,93,9.7,13.4,3.7,4.0,3.44,4.05,3.58,5.9,0.714,43.3,4.0,44.4,8.3,-0.7,0.3
83,祖父江 大輔,中,右,RP,14.0,53,47,60,53,66,24.5,30.2,5.7,1.82,2.29,2.05,2.55,0.0,0.735,35.1,5.6,50.5,8.8,2.8,0.3
84,今村 信貴,巨,左,RP,19.3,72,69,76,66,76,18.1,23.6,5.6,2.54,2.82,2.45,2.8,0.0,0.755,60.0,7.2,28.7,4.2,2.7,0.3
85,石井 大智,神,右,RP,9.0,34,32,41,26,36,29.4,29.4,0.0,1.24,1.58,0.99,1.38,0.0,0.667,30.2,8.2,39.9,21.7,2.9,0.3
86,福島 蓮,日,右,SP,8.0,31,68,76,37,46,12.9,16.1,3.2,2.49,2.8,1.35,1.69,0.0,0.72,50.7,4.3,25.0,20.0,2.1,0.3
87,前 佑囲斗,オ,右,RP,21.3,85,79,73,72,69,17.6,23.5,5.9,3.04,2.82,2.75,2.64,4.2,0.702,28.1,10.4,39.0,22.4,2.6,0.3
88,松本 竜也,広,右,RP,15.0,63,45,58,58,71,22.2,25.4,3.2,1.73,2.23,2.23,2.72,0.0,0.6,41.4,6.6,45.3,6.7,2.7,0.3
89,松本 健吾,ヤ,右,SP,12.0,42,66,80,68,84,14.3,16.7,2.4,2.45,2.94,2.5,3.08,0.0,0.824,51.8,4.1,41.1,3.0,1.6,0.3
90,坂本 裕哉,デ,左,RP,12.7,51,53,59,48,56,19.6,23.5,3.9,1.94,2.18,1.77,2.06,0.0,0.703,60.4,8.5,22.9,8.1,2.7,0.3
91,及川 雅貴,神,左,SP,21.3,86,97,78,94,77,16.3,25.6,9.3,3.75,3.02,3.63,2.96,7.9,0.75,38.6,4.1,45.6,11.8,0.5,0.3
92,板東 湧梧,ソ,右,SP,17.0,69,76,87,86,98,10.1,13.0,2.9,2.94,3.35,3.32,3.78,0.0,0.684,48.5,10.5,34.0,7.0,1.0,0.3
93,木村 光,ソ,右,SP,12.3,56,84,93,71,81,7.1,10.7,3.6,3.22,3.57,2.74,3.13,0.0,0.596,51.3,6.5,29.1,13.0,1.5,0.3
94,ケイ,デ,左,SP,11.7,39,89,64,68,44,20.5,25.6,5.1,3.28,2.37,2.51,1.61,16.0,0.76,64.2,4.2,20.1,11.5,1.5,0.3
95,二木 康太,ロ,右,SP,29.0,119,92,87,104,101,12.6,16.8,4.2,3.4,3.21,3.82,3.73,4.2,0.689,35.1,6.5,50.6,7.8,-0.4,0.3
96,矢澤 宏太,日,左,RP,8.7,33,60,69,26,35,21.2,33.3,12.1,2.21,2.55,0.96,1.27,0.0,0.778,35.3,0.0,35.3,29.4,2.6,0.3
97,西 勇輝,神,右,SP,8.7,38,48,55,51,58,18.4,18.4,0.0,1.85,2.1,1.95,2.22,0.0,0.613,63.0,8.5,22.1,6.5,1.8,0.3
98,荘司 康誠,楽,右,SP,13.0,52,79,91,76,89,13.5,23.1,9.6,2.9,3.35,2.78,3.3,0.0,0.706,39.3,6.4,42.6,11.8,1.3,0.3
99,岩井 俊介,ソ,右,RP,13.7,57,58,65,57,65,19.3,22.8,3.5,2.22,2.51,2.18,2.49,0.0,0.683,46.2,11.9,27.2,14.6,2.5,0.3
100,直江 大輔,巨,右,RP,16.0,61,69,80,63,76,11.5,13.1,1.6,2.55,2.95,2.31,2.81,0.0,0.673,42.9,9.0,34.1,14.0,2.4,0.3
101,鈴木 健矢,日,右,RP,7.0,25,49,51,11,14,24.0,28.0,4.0,1.79,1.86,0.4,0.52,0.0,0.824,60.4,4.8,11.3,23.5,2.6,0.3
102,宮城 大弥,オ,左,SP,5.0,16,17,17,0,1,43.8,43.8,0.0,0.66,0.66,0.02,0.04,0.0,0.778,93.6,3.0,3.4,0.0,2.1,0.3
103,齋藤 友貴哉,日,右,RP,13.3,64,71,74,56,60,15.6,26.6,10.9,2.62,2.72,2.06,2.21,0.0,0.59,72.0,5.7,14.4,7.9,2.4,0.3
104,石黒 佑弥,神,右,RP,22.3,98,82,93,77,88,10.2,20.4,10.2,3.15,3.56,2.95,3.37,0.0,0.657,48.6,4.6,37.5,9.2,2.2,0.3
105,石川 雅規,ヤ,左,SP,14.7,63,102,89,84,74,9.5,17.5,7.9,3.77,3.29,3.08,2.73,6.9,0.711,53.0,4.7,29.3,13.0,1.0,0.3
106,王 彦程,楽,左,SP,22.0,95,93,88,99,97,13.7,22.1,8.4,3.41,3.24,3.64,3.58,4.3,0.677,53.8,7.6,35.5,3.2,0.1,0.3
107,菊地 大稀,巨,右,RP,14.7,62,69,55,62,51,24.2,32.3,8.1,2.55,2.03,2.29,1.89,8.0,0.657,54.6,3.9,33.0,8.6,2.3,0.3
108,近藤 大亮,巨,右,RP,16.0,70,71,83,66,78,14.3,25.7,11.4,2.62,3.04,2.43,2.87,0.0,0.659,35.3,8.6,39.8,16.3,2.2,0.3
109,高橋 奎二,ヤ,左,SP,15.7,57,91,84,88,82,15.8,19.3,3.5,3.37,3.1,3.25,3.02,5.1,0.78,41.7,3.3,45.2,9.8,0.8,0.3
110,岩田 将貴,神,左,RP,21.3,76,82,73,77,71,14.5,17.1,2.6,3.14,2.81,2.95,2.72,5.4,0.729,54.7,6.9,29.9,8.5,2.1,0.3
111,八木 彬,ロ,右,RP,15.3,63,72,83,64,76,12.7,20.6,7.9,2.65,3.06,2.37,2.81,0.0,0.733,47.6,6.6,34.5,11.4,2.2,0.3
112,高野 脩汰,ロ,左,RP,11.0,39,64,77,50,65,15.4,17.9,2.6,2.37,2.85,1.86,2.4,0.0,0.774,42.3,3.6,40.8,13.3,2.2,0.3
113,早川 太貴,ハ,右,SP,55.7,241,107,100,117,112,6.2,15.4,9.1,4.13,3.86,4.49,4.32,4.6,0.684,51.0,8.8,35.7,4.5,-4.0,0.3
114,馬場 皐輔,巨,右,RP,19.0,80,84,72,74,65,17.5,26.3,8.8,3.1,2.65,2.72,2.4,7.9,0.633,54.3,8.8,24.4,12.5,2.0,0.3
115,長谷川 宙輝,ヤ,左,RP,12.3,48,56,64,58,67,20.8,29.2,8.3,2.07,2.34,2.12,2.48,0.0,0.733,56.4,7.5,32.7,3.4,2.1,0.3
116,髙橋 遥人,神,左,SP,14.0,57,79,64,87,75,21.1,24.6,3.5,3.04,2.45,3.35,2.89,7.4,0.658,57.3,8.1,32.0,2.6,0.8,0.3
117,平間 凛太郎,ハ,右,RP,27.3,115,91,100,84,94,6.1,16.5,10.4,3.5,3.85,3.25,3.61,0.0,0.723,59.0,5.1,29.9,6.1,1.8,0.3
118,薮田 和樹,O,右,SP,79.7,342,117,122,120,127,0.3,14.0,13.7,4.29,4.49,4.42,4.69,2.0,0.715,44.8,7.0,40.6,7.6,-6.6,0.3
119,三上 朋也,O,右,RP,23.0,95,87,81,80,77,12.6,16.8,4.2,3.19,2.97,2.95,2.83,4.8,0.694,56.1,7.2,28.1,8.6,1.9,0.3
120,秋山 正雲,ロ,左,RP,23.0,105,96,109,80,94,3.8,12.4,8.6,3.54,4.01,2.96,3.45,0.0,0.659,42.7,7.0,34.1,16.3,1.9,0.2
121,山田 修義,オ,左,RP,7.7,30,53,57,35,42,23.3,23.3,0.0,2.03,2.2,1.36,1.6,0.0,0.636,50.1,7.7,23.1,19.0,2.1,0.2
122,黒原 拓未,広,左,SP,5.0,20,80,80,21,22,10.0,20.0,10.0,3.06,3.06,0.79,0.84,0.0,0.786,56.0,3.9,4.4,35.7,1.7,0.2
123,渡邉 勇太朗,西,右,SP,24.0,111,116,126,105,117,-2.7,9.0,11.7,4.28,4.63,3.87,4.31,0.0,0.621,54.9,7.3,28.4,9.4,-0.5,0.2
124,東條 大樹,ロ,右,RP,12.3,54,61,73,61,74,14.8,18.5,3.7,2.23,2.7,2.26,2.72,0.0,0.619,56.0,4.6,34.6,4.9,2.0,0.2
125,飯田 大翔,O,右,SP,20.0,79,97,94,102,100,11.4,19.0,7.6,3.57,3.45,3.74,3.68,4.1,0.745,46.2,5.4,42.9,5.6,-0.1,0.2
126,尾仲 祐哉,ヤ,右,RP,10.0,41,56,60,53,60,19.5,19.5,0.0,2.07,2.21,1.96,2.19,0.0,0.625,66.8,9.9,17.1,6.3,1.9,0.2
127,石田 健大,デ,左,SP,18.7,71,94,89,100,97,9.9,14.1,4.2,3.47,3.27,3.69,3.56,4.6,0.714,45.2,9.5,36.5,8.8,0.0,0.2
128,豆田 泰志,西,右,RP,12.0,51,73,81,62,71,15.7,31.4,15.7,2.7,2.98,2.3,2.63,0.0,0.667,44.2,7.0,34.0,14.8,1.8,0.2
129,中山 晶量,日,右,RP,10.3,39,89,96,56,65,5.1,12.8,7.7,3.27,3.55,2.06,2.41,0.0,0.774,40.4,8.5,25.3,25.8,1.9,0.2
130,ザバラ,日,右,RP,16.7,68,77,61,74,61,22.1,29.4,7.4,2.83,2.25,2.73,2.26,10.6,0.725,58.8,11.0,22.3,7.9,1.8,0.2
131,高橋 礼,巨,右,SP,8.7,41,73,83,70,82,9.8,14.6,4.9,2.67,3.07,2.58,3.02,0.0,0.606,43.0,11.2,30.6,15.2,1.1,0.2
132,髙橋 光成,西,右,SP,13.0,47,100,109,90,102,2.1,8.5,6.4,3.67,4.01,3.3,3.76,0.0,0.769,49.6,8.1,29.4,12.8,0.6,0.2
133,石川 達也,デ,左,RP,8.3,30,46,60,46,61,23.3,23.3,0.0,1.69,2.21,1.69,2.25,0.0,0.739,42.1,4.7,44.5,8.7,1.8,0.2
134,泉 圭輔,巨,右,RP,6.0,20,37,53,24,39,30.0,30.0,0.0,1.37,1.93,0.87,1.42,0.0,0.786,35.7,0.0,50.0,14.3,1.9,0.2
135,吉川 雄大,楽,右,RP,9.0,37,40,44,51,58,24.3,27.0,2.7,1.48,1.64,1.88,2.13,0.0,0.577,66.4,12.0,21.5,0.0,1.8,0.2
136,岩下 大輝,ロ,右,RP,11.3,49,60,70,62,73,16.3,22.4,6.1,2.22,2.56,2.28,2.69,0.0,0.657,53.9,7.4,32.7,6.1,1.8,0.2
137,加治屋 蓮,神,右,RP,9.0,40,55,63,53,60,20.0,30.0,10.0,2.13,2.42,2.04,2.32,0.0,0.625,60.3,3.7,31.5,4.5,1.8,0.2
138,岩嵜 翔,中,右,RP,15.0,65,80,91,74,85,9.2,18.5,9.2,3.06,3.5,2.83,3.26,0.0,0.681,50.9,4.0,36.5,8.5,1.7,0.2
139,伊藤 茉央,楽,右,RP,20.0,78,85,95,80,93,12.8,24.4,11.5,3.12,3.51,2.96,3.42,0.0,0.771,34.1,9.2,41.1,15.6,1.6,0.2
140,田口 麗斗,ヤ,左,RP,10.0,42,45,57,57,69,21.4,23.8,2.4,1.67,2.1,2.08,2.54,0.0,0.677,48.2,9.3,36.0,6.5,1.8,0.2
141,髙島 泰都,オ,右,SP,12.7,50,88,73,91,79,16.0,20.0,4.0,3.39,2.81,3.49,3.02,6.6,0.694,51.2,5.1,38.3,5.4,0.5,0.2
142,横川 凱,巨,左,SP,36.0,150,108,92,114,101,11.3,18.7,7.3,3.98,3.38,4.21,3.73,7.0,0.68,48.3,7.6,38.3,5.8,-2.1,0.2
143,戸田 懐生,巨,右,RP,23.3,95,77,89,84,98,11.6,22.1,10.5,2.85,3.27,3.1,3.6,0.0,0.734,43.2,9.3,40.7,6.8,1.5,0.2
144,津留﨑 大成,楽,右,RP,16.0,66,79,92,75,89,10.6,16.7,6.1,2.93,3.38,2.77,3.29,0.0,0.64,42.1,7.7,37.7,12.5,1.6,0.2
145,梅津 晃大,中,右,SP,7.0,26,57,68,63,75,19.2,23.1,3.8,2.18,2.61,2.41,2.9,0.0,0.789,45.7,5.7,43.4,5.3,1.1,0.2
146,菅井 信也,西,左,RP,5.0,18,15,21,13,20,38.9,38.9,0.0,0.57,0.76,0.47,0.72,0.0,0.727,56.9,7.4,26.6,9.1,1.8,0.2
147,福 敬登,中,左,RP,14.7,66,65,77,75,87,13.6,19.7,6.1,2.51,2.96,2.87,3.34,0.0,0.633,45.7,7.5,40.5,6.4,1.6,0.2
148,芦田 丈飛,オ,右,SP,11.0,49,81,88,87,96,18.4,22.4,4.1,3.1,3.38,3.36,3.7,0.0,0.625,47.5,11.6,31.6,9.4,0.6,0.2
149,東浜 巨,ソ,右,SP,7.0,31,57,63,65,73,16.1,19.4,3.2,2.18,2.43,2.49,2.82,0.0,0.583,59.8,9.0,27.0,4.2,1.1,0.2
150,中川 虎大,デ,右,RP,8.0,31,51,64,49,62,25.8,38.7,12.9,1.87,2.35,1.8,2.29,0.0,0.8,25.6,3.6,57.5,13.3,1.7,0.2
151,浜屋 将太,西,左,SP,56.0,226,116,102,119,108,5.8,16.4,10.6,4.26,3.77,4.4,3.99,6.6,0.726,51.0,6.7,36.5,5.8,-4.4,0.2
152,松本 晴,ソ,左,SP,7.0,25,71,76,66,71,12.0,16.0,4.0,2.75,2.94,2.53,2.75,0.0,0.8,75.9,6.7,17.4,0.0,1.0,0.2
153,田中 千晴,巨,右,SP,28.3,127,100,113,112,127,4.7,21.3,16.5,3.68,4.16,4.12,4.67,0.0,0.62,36.9,11.1,44.2,7.7,-1.4,0.2
154,鈴木 健矢,日,右,SP,10.7,43,104,114,86,98,0.0,4.7,4.7,3.83,4.2,3.18,3.6,0.0,0.711,57.4,5.8,25.7,11.1,0.6,0.2
155,澤柳 亮太郎,ソ,右,RP,12.0,45,75,56,69,53,24.4,28.9,4.4,2.88,2.16,2.67,2.04,8.9,0.714,43.7,7.2,35.3,13.8,1.6,0.2
156,高梨 裕稔,ヤ,右,SP,36.7,157,111,83,115,93,13.4,21.7,8.3,4.07,3.07,4.25,3.43,10.4,0.683,50.6,10.0,32.8,6.7,-2.3,0.2
157,松本 健吾,ヤ,右,RP,7.0,27,49,60,43,54,25.9,25.9,0.0,1.79,2.21,1.57,2.0,0.0,0.684,48.7,4.3,36.5,10.5,1.6,0.2
158,田中 瑛斗,日,右,RP,6.0,20,42,50,33,43,30.0,35.0,5.0,1.53,1.86,1.21,1.59,0.0,0.833,48.7,4.5,38.5,8.3,1.6,0.2
159,ボー・タカハシ,西,右,SP,7.0,26,84,87,66,72,7.7,15.4,7.7,3.08,3.22,2.44,2.67,0.0,0.75,73.4,5.4,16.2,5.0,1.0,0.2
160,三嶋 一輝,デ,右,RP,10.7,39,79,90,65,77,10.3,17.9,7.7,2.9,3.31,2.38,2.83,0.0,0.862,56.6,1.9,34.4,7.1,1.5,0.2
161,村西 良太,オ,右,RP,10.0,44,77,80,64,69,15.9,22.7,6.8,2.96,3.1,2.45,2.67,0.0,0.621,57.9,8.4,20.0,13.8,1.5,0.2
162,涌井 秀章,中,右,SP,5.0,18,54,63,45,57,22.2,27.8,5.6,2.06,2.41,1.75,2.18,0.0,0.75,29.6,7.4,44.8,18.2,1.2,0.2
163,丸山 翔大,ヤ,右,RP,13.0,52,75,85,72,84,13.5,25.0,11.5,2.75,3.12,2.66,3.08,0.0,0.727,56.6,4.2,36.1,3.1,1.5,0.2
164,ハーン,広,左,RP,9.7,37,66,75,64,74,16.2,24.3,8.1,2.53,2.89,2.45,2.84,0.0,0.76,42.7,8.3,37.0,12.0,1.5,0.2
165,アルメンタ,ソ,左,SP,5.0,21,69,76,48,55,14.3,23.8,9.5,2.66,2.93,1.83,2.12,0.0,0.643,44.7,5.8,28.1,21.4,1.1,0.2
166,直江 大輔,巨,右,SP,21.0,92,98,110,108,124,4.3,12.0,7.6,3.6,4.07,3.98,4.56,0.0,0.653,46.7,8.9,38.7,5.7,-0.7,0.2
167,田中 瑛斗,日,右,SP,21.0,95,107,119,108,121,3.2,15.8,12.6,3.94,4.38,3.98,4.47,0.0,0.697,55.9,5.7,35.4,3.0,-0.7,0.2
168,小川 泰弘,ヤ,右,SP,10.7,48,76,98,91,113,6.3,6.3,0.0,2.8,3.63,3.34,4.16,0.0,0.622,37.7,6.3,49.1,7.0,0.4,0.2
169,下川 隼佑,O,右,RP,16.0,69,90,80,80,74,14.5,18.8,4.3,3.3,2.95,2.94,2.72,5.5,0.68,47.3,5.5,34.9,12.2,1.3,0.2
170,曽谷 龍平,オ,左,RP,5.0,18,28,41,29,42,33.3,33.3,0.0,1.06,1.59,1.12,1.63,0.0,0.75,23.7,4.5,55.2,16.7,1.5,0.2
171,清水 昇,ヤ,右,RP,10.7,48,56,71,68,83,18.8,27.1,8.3,2.05,2.6,2.51,3.04,0.0,0.581,33.1,9.6,47.2,10.0,1.4,0.2
172,鈴木 博志,オ,右,RP,8.0,26,61,68,58,66,19.2,23.1,3.8,2.34,2.61,2.22,2.56,0.0,0.737,57.1,8.1,29.6,5.3,1.4,0.2
173,横山 陸人,ロ,右,RP,8.0,33,74,81,57,65,15.2,30.3,15.2,2.74,2.98,2.09,2.38,0.0,0.722,48.2,6.0,29.1,16.7,1.4,0.2
174,福田 俊,日,左,RP,14.7,66,69,81,78,91,15.2,22.7,7.6,2.55,2.98,2.89,3.36,0.0,0.622,45.5,9.6,38.0,6.8,1.3,0.2
175,河野 佳,広,右,RP,7.3,26,58,71,55,67,19.2,23.1,3.8,2.24,2.71,2.11,2.59,0.0,0.895,49.6,1.4,43.7,5.3,1.4,0.2
176,田島 慎二,中,右,RP,18.7,74,83,93,85,96,9.5,17.6,8.1,3.2,3.57,3.27,3.69,0.0,0.778,52.0,7.1,35.0,5.9,1.2,0.2
177,田中 健二朗,ハ,左,RP,16.3,59,92,103,82,96,3.4,11.9,8.5,3.53,3.98,3.17,3.71,0.0,0.787,38.1,5.7,41.0,15.2,1.2,0.2
178,中村 亮太,ソ,右,RP,28.3,115,86,84,92,92,13.0,19.1,6.1,3.32,3.22,3.54,3.53,3.5,0.683,51.2,8.7,34.0,6.1,1.0,0.2
179,小園 健太,デ,右,RP,5.0,22,15,23,31,40,31.8,31.8,0.0,0.57,0.86,1.15,1.48,0.0,0.533,54.0,9.0,30.3,6.7,1.4,0.2
180,大内 誠弥,楽,右,SP,25.0,101,111,109,113,114,1.0,7.9,6.9,4.09,4.03,4.15,4.2,3.4,0.702,53.2,6.7,34.1,6.0,-1.3,0.2
181,山﨑 颯一郎,オ,右,RP,16.0,67,87,79,83,77,17.9,26.9,9.0,3.34,3.04,3.18,2.96,4.8,0.7,31.3,4.1,49.6,15.0,1.2,0.2
182,上田 洸太朗,中,左,SP,21.3,100,100,113,110,125,4.0,14.0,10.0,3.84,4.33,4.25,4.79,0.0,0.581,46.5,7.2,42.1,4.2,-1.0,0.2
183,畔柳 亨丞,日,右,RP,14.0,58,84,93,79,91,10.3,24.1,13.8,3.08,3.43,2.91,3.35,0.0,0.611,39.0,9.0,38.1,13.9,1.2,0.2
184,田村 伊知郎,西,右,RP,5.0,15,53,59,34,42,26.7,33.3,6.7,1.97,2.16,1.25,1.55,0.0,0.778,53.8,6.0,29.1,11.1,1.4,0.2
185,石川 直也,日,右,RP,16.7,78,98,91,83,80,10.3,19.2,9.0,3.61,3.35,3.07,2.93,4.7,0.611,35.0,7.1,38.6,19.2,1.1,0.2
186,井上 広輝,西,右,RP,15.0,61,102,112,81,93,0.0,9.8,9.8,3.77,4.12,2.99,3.41,0.0,0.735,50.9,6.2,28.0,14.9,1.2,0.2
187,入山 海斗,オ,右,RP,21.0,92,83,93,89,100,8.7,19.6,10.9,3.18,3.57,3.42,3.86,0.0,0.656,39.2,11.4,38.1,11.3,1.0,0.2
188,横山 楓,オ,右,RP,22.0,102,88,101,90,103,6.9,15.7,8.8,3.37,3.87,3.45,3.96,0.0,0.658,37.8,8.3,41.7,12.2,1.0,0.2
189,青柳 晃洋,神,右,RP,6.0,19,64,70,49,56,21.1,31.6,10.5,2.46,2.68,1.9,2.15,0.0,0.909,72.7,0.0,27.3,0.0,1.3,0.2
190,上茶谷 大河,デ,右,RP,12.3,51,100,107,77,85,7.8,19.6,11.8,3.69,3.93,2.82,3.12,0.0,0.788,54.8,5.1,24.6,15.6,1.2,0.2
191,曽谷 龍平,オ,左,SP,2.7,9,32,44,5,17,33.3,33.3,0.0,1.21,1.7,0.2,0.64,0.0,0.833,16.7,0.0,50.0,33.3,1.1,0.2
192,ディアス,デ,左,RP,13.7,63,89,99,80,91,7.9,22.2,14.3,3.29,3.65,2.95,3.34,0.0,0.6,50.7,6.2,32.8,10.3,1.1,0.1
193,ビーズリー,神,右,RP,10.0,33,90,95,73,78,6.1,18.2,12.1,3.46,3.64,2.8,3.01,0.0,0.957,67.0,5.5,18.7,8.7,1.2,0.1
194,大江 海透,オ,左,RP,5.7,23,12,24,48,60,39.1,43.5,4.3,0.46,0.93,1.86,2.31,0.0,0.583,27.2,15.1,57.7,0.0,1.2,0.1
195,松本 遼大,日,右,RP,11.0,47,81,59,75,58,21.3,27.7,6.4,3.0,2.17,2.75,2.14,9.8,0.655,53.1,6.3,30.6,10.0,1.1,0.1
196,佐藤 宏樹,ソ,左,RP,5.3,22,56,62,45,52,18.2,22.7,4.5,2.15,2.4,1.75,2.0,0.0,0.625,67.8,3.4,22.6,6.3,1.2,0.1
197,佐藤 一磨,オ,左,RP,7.0,31,75,87,60,71,9.7,16.1,6.5,2.89,3.33,2.29,2.73,0.0,0.667,39.5,4.9,37.4,18.2,1.2,0.1
198,瀧中 瞭太,楽,右,SP,49.3,212,106,98,121,116,7.1,11.3,4.2,3.91,3.62,4.44,4.26,5.0,0.641,49.3,11.3,34.1,5.4,-4.2,0.1
199,荘司 康誠,楽,右,RP,3.0,10,-8,-4,-3,3,60.0,70.0,10.0,-0.3,-0.14,-0.1,0.1,0.0,0.5,21.0,13.5,65.5,0.0,1.3,0.1
200,杉山 遙希,西,左,SP,17.0,63,82,74,109,103,15.9,17.5,1.6,3.01,2.74,4.0,3.81,5.0,0.755,46.4,13.4,38.2,2.0,-0.6,0.1
201,松浦 慶斗,日,左,RP,10.0,42,80,49,73,48,26.2,31.0,4.8,2.97,1.81,2.68,1.75,20.6,0.625,73.0,6.8,16.1,4.2,1.1,0.1
202,青柳 晃洋,神,右,SP,6.0,26,112,117,77,84,0.0,19.2,19.2,4.3,4.52,2.97,3.23,0.0,0.75,45.4,5.1,24.6,25.0,0.6,0.1
203,前田 純,ソ,左,RP,3.0,10,21,25,8,11,40.0,40.0,0.0,0.8,0.94,0.3,0.43,0.0,0.833,83.3,0.0,16.7,0.0,1.2,0.1
204,山本 拓実,日,右,RP,9.0,37,64,75,71,82,13.5,16.2,2.7,2.37,2.74,2.62,3.04,0.0,0.667,53.7,11.2,28.5,6.7,1.1,0.1
205,マルティネス,神,右,SP,5.0,19,48,64,71,87,21.1,21.1,0.0,1.86,2.47,2.72,3.35,0.0,0.6,41.7,5.4,52.9,0.0,0.6,0.1
206,柴田 大地,ヤ,右,RP,18.3,77,93,105,89,102,5.2,16.9,11.7,3.42,3.87,3.26,3.77,0.0,0.764,49.4,5.1,37.9,7.5,0.9,0.1
207,杉田 健,広,右,RP,6.0,22,68,76,59,67,13.6,18.2,4.5,2.63,2.92,2.28,2.58,0.0,0.824,73.1,1.6,25.4,0.0,1.0,0.1
208,小澤 怜史,ヤ,右,RP,3.0,12,55,60,11,17,16.7,16.7,0.0,2.03,2.19,0.41,0.62,0.0,0.6,48.4,5.4,16.2,30.0,1.1,0.1
209,ケラー,巨,右,RP,5.0,18,70,78,48,58,16.7,27.8,11.1,2.57,2.86,1.79,2.14,0.0,0.727,44.0,4.9,32.9,18.2,1.1,0.1
210,黒木 優太,日,右,SP,5.0,18,70,80,72,84,11.1,11.1,0.0,2.57,2.96,2.65,3.1,0.0,0.813,55.3,9.6,28.9,6.3,0.6,0.1
211,福谷 浩司,中,右,RP,4.0,15,38,41,38,42,26.7,26.7,0.0,1.46,1.57,1.46,1.63,0.0,0.727,58.4,15.4,16.2,10.0,1.1,0.1
212,石川 翔,中,右,RP,3.0,9,64,64,17,17,22.2,33.3,11.1,2.46,2.46,0.66,0.66,-,1.0,80.0,0.0,0.0,20.0,1.1,0.1
213,青山 美夏人,西,右,SP,49.0,202,114,109,122,120,5.0,13.4,8.4,4.2,4.03,4.48,4.4,4.4,0.723,52.8,10.1,30.7,6.3,-4.3,0.1
214,ヘルナンデス,ソ,左,RP,3.0,11,29,33,18,22,45.5,45.5,0.0,1.13,1.28,0.69,0.86,0.0,0.8,48.4,5.4,26.2,20.0,1.1,0.1
215,木村 優人,ロ,右,RP,4.0,15,85,91,38,47,6.7,13.3,6.7,3.12,3.36,1.38,1.71,0.0,0.75,35.5,6.8,24.4,33.3,1.0,0.1
216,藤平 尚真,楽,右,RP,5.0,18,53,61,51,60,22.2,27.8,5.6,1.97,2.26,1.88,2.23,0.0,0.833,65.3,4.5,30.2,0.0,1.0,0.1
217,金久保 優斗,ヤ,右,RP,14.0,53,91,80,85,76,15.1,20.8,5.7,3.37,2.96,3.14,2.8,6.2,0.757,49.2,2.8,40.1,7.9,0.8,0.1
218,吉川 悠斗,ロ,左,RP,3.7,14,77,84,33,40,14.3,28.6,14.3,2.82,3.09,1.2,1.49,0.0,0.875,30.3,3.4,28.9,37.5,1.0,0.1
219,松井 友飛,楽,右,SP,27.7,112,113,91,118,100,11.6,17.0,5.4,4.16,3.37,4.33,3.68,7.4,0.675,40.4,5.9,45.3,8.4,-2.0,0.1
220,比嘉 幹貴,オ,右,RP,4.3,16,60,71,46,56,18.8,25.0,6.3,2.31,2.71,1.76,2.14,0.0,0.818,54.5,0.0,36.4,9.1,1.0,0.1
221,二保 旭,ロ,右,RP,10.7,44,84,96,80,93,9.1,13.6,4.5,3.08,3.54,2.93,3.42,0.0,0.686,55.8,4.6,33.9,5.7,0.9,0.1
222,大津 亮介,ソ,右,SP,3.0,11,90,94,43,50,0.0,0.0,0.0,3.46,3.61,1.66,1.92,0.0,0.727,47.8,7.4,17.5,27.3,0.7,0.1
223,ロドリゲス,日,右,RP,6.0,22,60,66,62,71,22.7,22.7,0.0,2.2,2.44,2.27,2.61,0.0,0.75,66.8,6.8,26.5,0.0,0.9,0.1
224,上田 洸太朗,中,左,RP,8.0,35,61,76,74,87,17.1,25.7,8.6,2.34,2.94,2.83,3.35,0.0,0.696,41.0,5.5,49.2,4.3,0.9,0.1
225,齋藤 響介,オ,右,RP,4.0,17,71,85,43,56,11.8,17.6,5.9,2.71,3.26,1.67,2.16,0.0,0.692,21.8,4.2,43.2,30.8,1.0,0.1
226,鍵谷 陽平,日,右,SP,2.0,7,37,44,2,8,28.6,28.6,0.0,1.37,1.61,0.07,0.29,0.0,0.8,60.0,0.0,20.0,20.0,0.8,0.1
227,石川 歩,ロ,右,RP,3.0,10,19,28,21,31,40.0,40.0,0.0,0.7,1.02,0.77,1.14,0.0,0.667,57.0,4.5,38.5,0.0,1.0,0.1
228,石川 柊太,ソ,右,RP,5.0,18,59,66,56,64,27.8,33.3,5.6,2.26,2.53,2.17,2.46,0.0,0.8,64.2,2.7,33.1,0.0,0.9,0.1
229,藤井 皓哉,ソ,右,RP,3.0,12,47,51,24,30,25.0,33.3,8.3,1.8,1.94,0.94,1.14,0.0,0.714,40.6,7.7,23.1,28.6,1.0,0.1
230,アルバレス,中,右,SP,3.3,17,98,98,57,60,11.8,23.5,11.8,3.76,3.76,2.2,2.29,0.0,0.6,52.6,8.1,9.3,30.0,0.6,0.1
231,大瀬良 大地,広,右,SP,5.0,22,69,87,81,97,13.6,22.7,9.1,2.66,3.36,3.11,3.74,0.0,0.667,32.3,3.6,57.5,6.7,0.4,0.1
232,吉田 輝星,オ,右,RP,3.0,10,38,42,28,33,30.0,30.0,0.0,1.46,1.61,1.09,1.28,0.0,0.857,77.4,3.9,18.7,0.0,0.9,0.1
233,芦田 丈飛,オ,右,RP,7.0,23,83,84,72,77,4.3,4.3,0.0,3.18,3.24,2.78,2.97,0.0,0.773,81.4,6.4,12.1,0.0,0.8,0.1
234,富山 凌雅,オ,左,SP,2.0,7,-14,-3,14,25,57.1,57.1,0.0,-0.54,-0.1,0.53,0.97,0.0,0.667,14.0,9.0,77.0,0.0,0.7,0.1
235,西濱 勇星,ハ,右,RP,2.0,8,-40,-40,-6,-3,62.5,62.5,0.0,-1.54,-1.54,-0.23,-0.13,0.0,0.333,61.3,18.0,20.6,0.0,0.9,0.1
236,川原 陸,神,左,RP,21.7,92,97,92,95,91,9.8,21.7,12.0,3.74,3.54,3.64,3.51,4.3,0.712,36.6,9.8,38.1,15.5,0.5,0.1
237,大城 真乃,ソ,左,RP,17.0,65,108,95,92,79,7.7,16.9,9.2,4.17,3.64,3.53,3.05,9.0,0.756,58.6,6.3,22.1,13.0,0.6,0.1
238,エスピノーザ,オ,右,SP,6.0,26,107,111,90,96,0.0,15.4,15.4,4.13,4.28,3.48,3.69,0.0,0.722,72.1,4.8,17.2,5.9,0.2,0.1
239,松本 隆之介,デ,左,SP,5.3,32,66,76,86,97,12.5,21.9,9.4,2.43,2.79,3.15,3.57,0.0,0.409,50.9,12.3,32.3,4.5,0.3,0.1
240,山本 晃大,日,左,SP,9.0,41,125,136,103,117,-7.3,4.9,12.2,4.59,5.02,3.78,4.29,0.0,0.706,46.7,5.9,31.8,15.6,-0.1,0.1
241,細野 晴希,日,左,RP,2.0,8,-17,-11,-6,-1,50.0,50.0,0.0,-0.63,-0.39,-0.22,-0.03,0.0,0.5,75.0,0.0,25.0,0.0,0.9,0.1
242,及川 雅貴,神,左,RP,8.0,32,77,39,78,45,31.3,40.6,9.4,2.96,1.5,3.0,1.75,23.6,0.643,71.2,7.2,21.6,0.0,0.8,0.1
243,フェリックス,ソ,右,RP,14.3,59,121,130,90,100,-5.1,13.6,18.6,4.65,4.99,3.45,3.85,0.0,0.775,35.6,4.3,33.8,26.3,0.6,0.1
244,中川 颯,デ,右,SP,5.0,20,80,91,84,96,5.0,5.0,0.0,2.97,3.36,3.08,3.55,0.0,0.684,66.7,5.7,27.6,0.0,0.3,0.1
245,弓削 隼人,楽,左,RP,15.0,61,91,79,90,81,16.4,23.0,6.6,3.37,2.92,3.31,2.98,6.2,0.7,44.1,6.9,38.7,10.3,0.6,0.1
246,髙橋 光成,西,右,RP,2.0,6,10,17,-3,4,50.0,50.0,0.0,0.37,0.61,-0.1,0.15,0.0,1.0,66.7,0.0,33.3,0.0,0.8,0.1
247,大勢,巨,右,RP,2.0,6,10,17,-3,4,50.0,50.0,0.0,0.37,0.61,-0.1,0.15,0.0,1.0,66.7,0.0,33.3,0.0,0.8,0.1
248,森下 暢仁,広,右,SP,6.0,26,77,90,92,106,7.7,11.5,3.8,2.96,3.47,3.54,4.08,0.0,0.636,55.0,6.1,38.9,0.0,0.2,0.1
249,山田 陽翔,西,右,SP,11.0,49,96,111,108,124,4.1,16.3,12.2,3.55,4.08,3.98,4.58,0.0,0.6,46.4,7.2,43.5,2.9,-0.4,0.1
250,ラモス,巨,右,RP,2.0,8,-17,-11,-1,6,50.0,50.0,0.0,-0.63,-0.39,-0.05,0.23,0.0,0.75,47.3,9.0,43.7,0.0,0.8,0.1
251,古谷 拓郎,ロ,右,SP,6.0,24,100,111,92,107,8.3,8.3,0.0,3.7,4.1,3.4,3.93,0.0,0.65,42.6,8.1,34.3,15.0,0.2,0.1
252,三浦 瑞樹,ソ,左,RP,4.0,13,71,76,54,60,15.4,23.1,7.7,2.71,2.93,2.06,2.3,0.0,0.889,77.8,0.0,22.2,0.0,0.8,0.1
253,古賀 康誠,楽,左,SP,12.3,50,109,92,110,97,8.0,14.0,6.0,4.01,3.39,4.06,3.57,7.3,0.658,54.7,6.4,33.7,5.3,-0.5,0.1
254,佐藤 隼輔,西,左,RP,2.0,7,64,64,0,2,14.3,14.3,0.0,2.37,2.37,0.0,0.07,0.0,0.833,57.0,4.5,5.2,33.3,0.8,0.1
255,孫 易磊,日,右,RP,10.0,42,80,91,83,96,9.5,19.0,9.5,2.97,3.36,3.07,3.54,0.0,0.667,44.5,10.5,34.9,10.0,0.7,0.1
256,渡邉 勇太朗,西,右,RP,5.0,21,59,64,63,70,19.0,28.6,9.5,2.17,2.36,2.33,2.56,0.0,0.692,64.2,12.7,23.1,0.0,0.8,0.1
257,東松 快征,オ,左,RP,2.0,8,51,51,6,8,25.0,37.5,12.5,1.96,1.96,0.24,0.29,0.0,0.75,35.5,6.8,7.7,50.0,0.8,0.1
258,鈴木 翔天,楽,左,RP,2.0,7,10,17,4,10,42.9,42.9,0.0,0.37,0.61,0.15,0.36,0.0,0.75,75.0,0.0,25.0,0.0,0.8,0.1
259,船迫 大雅,巨,右,RP,2.0,7,10,17,4,10,42.9,42.9,0.0,0.37,0.61,0.15,0.36,0.0,0.75,75.0,0.0,25.0,0.0,0.8,0.1
260,石森 大誠,中,左,RP,15.7,72,93,60,92,67,20.8,29.2,8.3,3.59,2.29,3.55,2.56,12.0,0.585,39.1,10.3,35.9,14.6,0.5,0.1
261,ウィック,デ,右,RP,13.3,58,89,97,89,98,13.8,24.1,10.3,3.29,3.58,3.29,3.61,0.0,0.714,56.6,9.3,28.0,6.1,0.6,0.1
262,椋木 蓮,オ,右,RP,2.0,8,-14,-3,8,17,50.0,50.0,0.0,-0.54,-0.1,0.3,0.64,0.0,0.5,50.0,0.0,50.0,0.0,0.8,0.1
263,木村 光,ソ,右,RP,9.0,39,93,102,83,92,5.1,17.9,12.8,3.58,3.91,3.2,3.56,0.0,0.704,51.0,7.0,30.5,11.5,0.6,0.1
264,西村 天裕,ロ,右,RP,7.3,35,65,85,78,95,11.4,14.3,2.9,2.41,3.14,2.86,3.49,0.0,0.586,48.6,4.7,43.3,3.4,0.7,0.1
265,二宮 衣沙貴,ハ,右,RP,4.0,14,58,63,57,65,21.4,28.6,7.1,2.21,2.43,2.2,2.49,0.0,0.778,64.9,6.0,29.1,0.0,0.7,0.1
266,菊地 吏玖,ロ,右,RP,13.0,61,81,92,89,103,8.2,16.4,8.2,2.98,3.39,3.29,3.78,0.0,0.609,43.9,11.5,35.6,9.1,0.6,0.1
267,鍬原 拓也,ソ,右,RP,17.7,75,84,97,94,108,6.7,14.7,8.0,3.24,3.73,3.62,4.16,0.0,0.724,48.6,6.6,41.2,3.6,0.4,0.1
268,西野 勇士,ロ,右,SP,3.0,11,91,105,64,80,0.0,0.0,0.0,3.37,3.85,2.37,2.94,0.0,0.818,44.0,4.9,32.9,18.2,0.4,0.1
269,加藤 翼,中,右,RP,3.7,17,83,92,55,66,5.9,11.8,5.9,3.19,3.55,2.1,2.54,0.0,0.571,18.0,11.6,34.7,35.7,0.7,0.1
270,武内 夏暉,西,左,SP,4.0,16,78,88,80,92,25.0,25.0,0.0,2.87,3.23,2.96,3.37,0.0,0.8,60.2,3.0,36.8,0.0,0.3,0.1
271,フェルナンデス,ロ,右,RP,2.0,10,10,10,11,14,30.0,30.0,0.0,0.37,0.37,0.41,0.51,0.0,0.429,69.1,7.7,8.8,14.3,0.7,0.1
272,ケムナ 誠,広,右,RP,9.0,37,93,102,85,96,5.4,10.8,5.4,3.58,3.91,3.26,3.69,0.0,0.7,50.1,6.0,32.8,11.1,0.6,0.1
273,齊藤 伸治,日,右,RP,13.0,60,106,119,90,104,5.0,16.7,11.7,3.9,4.39,3.32,3.82,0.0,0.634,38.5,5.9,38.5,17.1,0.5,0.1
274,山田 拓朗,O,右,RP,3.0,11,64,73,46,56,18.2,27.3,9.1,2.37,2.69,1.7,2.06,0.0,0.857,48.9,3.9,33.0,14.3,0.7,0.1
275,山田 龍聖,巨,左,RP,8.7,34,88,107,85,104,5.9,14.7,8.8,3.25,3.93,3.12,3.84,0.0,0.731,33.0,3.2,51.7,12.0,0.5,0.1
276,長谷部 銀次,広,左,RP,14.3,61,83,90,93,103,8.2,18.0,9.8,3.19,3.46,3.59,3.96,0.0,0.659,48.7,13.1,31.0,7.1,0.4,0.1
277,菊田 翔友,中,右,RP,2.3,9,23,28,36,43,33.3,33.3,0.0,0.89,1.08,1.38,1.64,0.0,0.667,64.0,9.0,27.0,0.0,0.6,0.1
278,森下 瑠大,デ,左,RP,5.7,25,72,86,75,91,12.0,20.0,8.0,2.66,3.18,2.77,3.34,0.0,0.611,35.9,7.9,44.4,11.8,0.6,0.1
279,澤村 拓一,ロ,右,RP,2.0,9,78,84,22,27,11.1,22.2,11.1,2.87,3.11,0.82,1.0,0.0,0.667,50.0,0.0,16.7,33.3,0.6,0.1
280,ボー・タカハシ,西,右,RP,4.0,17,71,81,63,75,17.6,17.6,0.0,2.62,2.98,2.34,2.78,0.0,0.692,43.7,8.3,32.6,15.4,0.6,0.1
281,羽田 慎之介,西,左,RP,2.0,7,23,23,23,25,57.1,57.1,0.0,0.87,0.87,0.86,0.93,0.0,0.5,71.0,13.5,15.5,0.0,0.6,0.1
282,渡辺 翔太,楽,右,RP,9.0,38,70,44,86,66,28.9,34.2,5.3,2.59,1.63,3.17,2.45,9.2,0.524,47.8,7.4,44.8,0.0,0.5,0.1
283,東 晃平,オ,右,SP,10.0,40,93,101,111,122,10.0,17.5,7.5,3.56,3.87,4.27,4.7,0.0,0.714,44.1,14.9,33.8,7.1,-0.5,0.1
284,前田 悠伍,ソ,左,RP,6.0,29,51,62,79,90,17.2,20.7,3.4,1.96,2.4,3.04,3.47,0.0,0.591,43.4,15.4,36.2,5.0,0.5,0.1
285,宮川 哲,ヤ,右,SP,2.0,9,37,44,49,58,22.2,22.2,0.0,1.37,1.61,1.82,2.12,0.0,0.429,69.1,7.7,23.1,0.0,0.4,0.1
286,上間 永遠,西,右,RP,2.0,7,37,50,26,41,28.6,28.6,0.0,1.37,1.85,0.98,1.5,0.0,0.8,28.4,5.4,46.2,20.0,0.6,0.1
287,益田 直也,ロ,右,RP,2.0,8,64,84,27,43,12.5,12.5,0.0,2.37,3.1,0.99,1.59,0.0,0.714,28.6,0.0,42.9,28.6,0.6,0.1
288,能登 嵩都,O,右,SP,23.7,122,150,160,121,132,-9.8,9.8,19.7,5.52,5.91,4.44,4.86,0.0,0.624,45.5,7.4,28.8,18.3,-2.0,0.1
289,嘉弥真 新也,ヤ,左,RP,11.7,49,87,104,91,109,6.1,14.3,8.2,3.19,3.82,3.36,4.01,0.0,0.711,44.6,4.4,45.6,5.4,0.4,0.1
290,渡辺 明貴,デ,右,RP,19.7,77,105,103,96,95,9.1,23.4,14.3,3.87,3.78,3.55,3.49,4.1,0.848,30.4,2.4,51.6,15.6,0.3,0.1
291,川瀬 堅斗,オ,右,SP,22.7,94,96,94,120,120,10.6,17.0,6.4,3.69,3.61,4.63,4.61,3.4,0.735,48.1,10.0,41.9,0.0,-2.0,0.1
292,松浦 慶斗,日,左,SP,11.3,43,118,66,114,65,20.9,27.9,7.0,4.34,2.43,4.21,2.4,19.5,0.792,48.8,8.0,31.7,11.5,-0.7,0.1
293,平内 龍太,巨,右,RP,14.0,55,113,69,94,55,18.2,21.8,3.6,4.15,2.54,3.45,2.03,21.8,0.75,65.6,5.0,18.9,10.5,0.4,0.1
294,日當 直喜,楽,右,RP,17.7,65,105,78,96,70,16.9,24.6,7.7,3.87,2.87,3.53,2.57,11.0,0.825,42.1,5.0,38.7,14.3,0.3,0.1
295,富田 蓮,神,左,RP,6.0,22,90,101,81,95,0.0,0.0,0.0,3.46,3.9,3.13,3.65,0.0,0.773,53.1,4.9,32.9,9.1,0.5,0.1
296,梅野 雄吾,中,右,RP,2.0,6,38,49,35,47,33.3,33.3,0.0,1.46,1.9,1.35,1.83,0.0,1.0,50.0,0.0,50.0,0.0,0.6,0.1
297,柳川 大晟,日,右,RP,14.7,62,91,78,94,85,14.5,22.6,8.1,3.37,2.88,3.48,3.13,6.6,0.585,49.3,9.0,34.4,7.3,0.3,0.1
298,井上 温大,巨,左,RP,2.0,7,64,71,33,42,14.3,14.3,0.0,2.37,2.61,1.23,1.53,0.0,0.833,57.0,4.5,21.8,16.7,0.5,0.1
299,滝田 一希,広,左,SP,4.0,15,77,86,92,104,13.3,26.7,13.3,2.96,3.29,3.55,3.99,0.0,0.667,47.3,9.0,43.7,0.0,0.1,0.1
300,橋本 達弥,デ,右,RP,4.7,22,62,74,74,87,13.6,18.2,4.5,2.29,2.71,2.73,3.19,0.0,0.588,41.8,13.8,32.6,11.8,0.5,0.1
301,ジャクソン,デ,右,RP,4.0,17,64,74,69,80,17.6,29.4,11.8,2.37,2.73,2.56,2.95,0.0,0.5,58.4,5.4,36.2,0.0,0.5,0.1
302,髙 太一,広,左,RP,5.0,21,59,77,78,95,14.3,14.3,0.0,2.26,2.96,2.98,3.67,0.0,0.667,37.1,6.0,51.3,5.6,0.5,0.1
303,柿木 蓮,日,右,RP,12.0,50,98,84,93,81,14.0,22.0,8.0,3.62,3.1,3.41,2.99,6.4,0.727,37.8,4.2,45.5,12.5,0.4,0.1
304,マルセリーノ,デ,右,RP,1.0,3,-17,-17,-34,-34,66.7,66.7,0.0,-0.63,-0.63,-1.24,-1.24,-,1.0,100.0,0.0,0.0,0.0,0.5,0.1
305,齊藤 大将,西,左,RP,12.0,53,98,107,93,102,5.7,17.0,11.3,3.62,3.94,3.41,3.76,0.0,0.703,65.8,5.8,25.7,2.8,0.4,0.1
306,長谷川 威展,ソ,左,RP,1.0,3,-14,-14,-28,-28,66.7,66.7,0.0,-0.54,-0.54,-1.09,-1.09,-,1.0,100.0,0.0,0.0,0.0,0.5,0.1
307,吉野 光樹,デ,右,RP,4.0,18,57,61,70,76,27.8,38.9,11.1,2.12,2.24,2.59,2.79,0.0,0.625,40.8,22.6,24.1,12.5,0.5,0.1
308,才木 海翔,オ,右,RP,5.7,27,63,77,81,95,14.8,22.2,7.4,2.41,2.94,3.13,3.67,0.0,0.579,39.6,8.5,46.6,5.3,0.4,0.1
309,西村 陸,O,右,SP,2.0,11,37,37,60,66,18.2,18.2,0.0,1.37,1.37,2.22,2.44,0.0,0.444,71.0,13.5,15.5,0.0,0.3,0.1
310,松岡 洸希,日,右,SP,6.3,28,108,121,106,119,3.6,14.3,10.7,4.0,4.46,3.91,4.38,0.0,0.75,64.2,2.7,33.1,0.0,-0.2,0.1
311,堀 瑞輝,日,左,RP,15.0,54,102,68,95,62,24.1,29.6,5.6,3.77,2.49,3.51,2.27,13.1,0.833,42.8,3.4,41.4,12.5,0.3,0.1
312,平良 拳太郎,デ,右,RP,2.0,7,51,57,38,46,28.6,42.9,14.3,1.87,2.11,1.39,1.68,0.0,1.0,50.0,0.0,50.0,0.0,0.5,0.1
313,松井 友飛,楽,右,RP,5.0,18,53,69,78,95,22.2,27.8,5.6,1.97,2.55,2.86,3.49,0.0,0.833,36.8,10.6,52.6,0.0,0.5,0.1
314,川瀬 堅斗,オ,右,RP,11.3,48,115,92,94,75,6.3,14.6,8.3,4.44,3.56,3.6,2.88,10.9,0.743,57.0,5.4,23.3,14.3,0.3,0.1
315,モイネロ,ソ,左,SP,2.0,11,12,29,64,78,27.3,27.3,0.0,0.46,1.12,2.45,3.0,0.0,0.375,40.8,10.1,49.1,0.0,0.3,0.1
316,岡田 明丈,広,右,RP,11.3,45,102,108,94,102,2.2,11.1,8.9,3.91,4.14,3.61,3.93,0.0,0.743,63.5,5.7,24.8,6.1,0.3,0.1
317,達 孝太,日,右,SP,38.0,174,114,102,124,116,7.5,18.4,10.9,4.21,3.76,4.56,4.28,5.5,0.615,39.5,9.6,43.4,7.6,-3.7,0.1
318,岸 孝之,楽,右,SP,6.0,20,73,98,106,135,10.0,10.0,0.0,2.7,3.59,3.92,4.97,0.0,0.833,21.3,8.6,64.6,5.6,-0.2,0.1
319,濵口 遥大,デ,左,RP,3.0,12,37,50,62,79,25.0,25.0,0.0,1.37,1.85,2.3,2.91,0.0,0.667,40.8,10.1,49.1,0.0,0.5,0.1
320,野中 天翔,中,左,RP,1.7,8,74,88,33,43,12.5,25.0,12.5,2.86,3.39,1.27,1.65,0.0,0.6,20.0,0.0,40.0,40.0,0.5,0.1
321,吉田 凌,ロ,右,RP,14.7,57,97,85,96,87,12.3,19.3,7.0,3.57,3.15,3.53,3.19,6.2,0.775,44.9,7.2,37.9,10.0,0.2,0.1
322,又木 鉄平,巨,左,RP,1.0,3,37,37,-13,-9,33.3,33.3,0.0,1.37,1.37,-0.49,-0.33,0.0,0.5,21.0,13.5,15.5,50.0,0.5,0.1
323,野村 裕樹,ハ,右,RP,3.0,11,73,84,67,80,9.1,9.1,0.0,2.8,3.23,2.58,3.08,0.0,0.8,48.4,5.4,36.2,10.0,0.4,0.1
324,今野 瑠斗,デ,右,RP,3.0,12,91,96,66,72,16.7,25.0,8.3,3.37,3.53,2.45,2.65,0.0,0.857,63.1,3.9,18.7,14.3,0.4,0.1
325,津留﨑 大成,楽,右,SP,5.0,20,97,115,105,126,0.0,5.0,5.0,3.57,4.25,3.87,4.65,0.0,0.722,42.7,4.8,46.6,5.9,-0.1,0.1
326,佐藤 宏樹,ソ,左,SP,5.0,21,106,112,105,113,0.0,14.3,14.3,4.06,4.33,4.05,4.36,0.0,0.733,58.9,10.3,24.1,6.7,-0.1,0.0
327,田中 楓基,ロ,右,RP,9.3,44,106,112,92,100,9.1,18.2,9.1,3.9,4.11,3.4,3.69,0.0,0.655,53.4,10.3,22.0,14.3,0.3,0.0
328,ターリー,楽,左,RP,5.0,22,97,107,82,95,4.5,18.2,13.6,3.57,3.96,3.04,3.48,0.0,0.667,44.7,5.8,35.2,14.3,0.4,0.0
329,宮西 尚生,日,左,RP,11.3,44,96,80,95,80,15.9,22.7,6.8,3.54,2.95,3.49,2.95,7.3,0.793,40.8,5.3,43.5,10.3,0.2,0.0
330,瀧中 瞭太,楽,右,RP,4.0,15,85,98,79,94,6.7,13.3,6.7,3.12,3.6,2.9,3.46,0.0,0.833,48.7,4.5,38.5,8.3,0.3,0.0
331,平井 克典,西,右,RP,7.0,34,84,101,90,105,11.8,20.6,8.8,3.08,3.71,3.31,3.88,0.0,0.565,46.4,4.7,44.5,4.3,0.3,0.0
332,ゲラ,神,右,RP,1.0,3,38,38,8,8,33.3,33.3,0.0,1.46,1.46,0.29,0.29,-,1.0,100.0,0.0,0.0,0.0,0.4,0.0
333,西舘 昂汰,ヤ,右,RP,2.0,8,51,57,55,64,25.0,37.5,12.5,1.87,2.11,2.01,2.34,0.0,0.75,47.3,9.0,43.7,0.0,0.4,0.0
334,玉井 大翔,日,右,RP,5.0,20,64,72,85,95,15.0,20.0,5.0,2.37,2.66,3.12,3.51,0.0,0.733,57.9,13.9,28.3,0.0,0.3,0.0
335,高橋 昂也,広,左,RP,13.7,72,98,108,98,109,5.6,18.1,12.5,3.76,4.17,3.76,4.2,0.0,0.551,43.2,9.0,37.4,10.4,0.1,0.0
336,アルメンタ,ソ,左,RP,3.0,12,47,62,74,90,25.0,33.3,8.3,1.8,2.38,2.86,3.47,0.0,0.714,26.3,7.7,66.0,0.0,0.3,0.0
337,唐川 侑己,ロ,右,RP,6.0,28,73,95,89,110,7.1,7.1,0.0,2.7,3.51,3.27,4.04,0.0,0.577,38.2,7.3,46.8,7.7,0.3,0.0
338,加藤 竜馬,中,右,RP,3.0,15,99,99,75,77,6.7,26.7,20.0,3.8,3.8,2.88,2.96,0.0,0.625,69.1,7.7,8.8,14.3,0.3,0.0
339,スチュワート・ジュニア,ソ,右,SP,8.3,36,128,94,116,86,11.1,22.2,11.1,4.9,3.61,4.47,3.3,16.0,0.667,60.4,5.1,24.9,9.5,-0.6,0.0
340,福島 章太,中,左,SP,2.7,16,90,99,94,102,6.3,18.8,12.5,3.46,3.79,3.61,3.93,0.0,0.455,66.0,7.4,26.6,0.0,0.1,0.0
341,糸川 亮太,西,右,RP,21.0,83,100,98,100,99,9.6,18.1,8.4,3.7,3.61,3.68,3.65,3.9,0.724,44.7,5.4,41.5,8.5,0.0,0.0
342,嘉手苅 浩太,ヤ,右,SP,2.0,6,91,98,85,96,0.0,0.0,0.0,3.37,3.61,3.13,3.52,0.0,0.667,73.7,4.5,21.8,0.0,0.1,0.0
343,木下 幹也,巨,右,SP,3.0,14,118,118,99,103,7.1,21.4,14.3,4.37,4.37,3.66,3.8,0.0,0.5,65.8,10.1,11.6,12.5,0.0,0.0
344,ダイクストラ,ロ,右,RP,2.0,12,78,91,63,75,8.3,16.7,8.3,2.87,3.35,2.31,2.75,0.0,0.444,36.2,9.0,32.5,22.2,0.3,0.0
345,粟津 凱士,西,右,RP,2.0,10,37,44,64,75,20.0,20.0,0.0,1.37,1.61,2.34,2.78,0.0,0.375,38.8,16.9,31.9,12.5,0.3,0.0
346,古田島 成龍,オ,右,RP,1.0,3,90,101,31,43,0.0,0.0,0.0,3.46,3.9,1.17,1.65,0.0,1.0,33.3,0.0,33.3,33.3,0.3,0.0
347,坂井 陽翔,楽,右,SP,2.0,12,91,98,90,97,8.3,25.0,16.7,3.37,3.61,3.33,3.59,0.0,0.429,69.1,7.7,23.1,0.0,0.1,0.0
348,鈴木 博志,オ,右,SP,19.0,82,119,114,123,121,1.2,9.8,8.5,4.57,4.39,4.74,4.66,3.8,0.656,51.5,5.4,38.5,4.6,-1.9,0.0
349,舘池 亮佑,O,右,RP,1.0,4,37,50,37,48,25.0,25.0,0.0,1.37,1.85,1.35,1.75,0.0,0.667,66.7,0.0,33.3,0.0,0.3,0.0
350,佐藤 蓮,神,右,RP,23.0,101,118,122,102,107,1.0,18.8,17.8,4.55,4.68,3.92,4.12,0.0,0.787,60.1,8.7,17.9,13.3,-0.2,0.0
351,福田 幸之介,中,左,RP,1.0,4,64,64,48,48,25.0,50.0,25.0,2.46,2.46,1.83,1.83,-,1.0,100.0,0.0,0.0,0.0,0.2,0.0
352,高梨 裕稔,ヤ,右,RP,2.0,12,51,64,76,89,25.0,25.0,0.0,1.87,2.35,2.8,3.29,0.0,0.375,33.5,13.5,40.5,12.5,0.2,0.0
353,池谷 蒼大,ハ,左,SP,4.0,15,129,143,113,130,-13.3,0.0,13.3,4.96,5.51,4.36,4.99,0.0,0.846,41.7,2.1,40.8,15.4,-0.2,0.0
354,小木田 敦也,オ,右,RP,2.0,8,38,55,78,99,25.0,25.0,0.0,1.46,2.12,2.99,3.79,0.0,0.667,16.8,10.8,72.4,0.0,0.2,0.0
355,星野 恒太朗,ソ,右,RP,1.0,6,-14,-3,51,62,33.3,33.3,0.0,-0.54,-0.1,1.97,2.37,0.0,0.25,46.0,13.5,40.5,0.0,0.2,0.0
356,松井 颯,巨,右,RP,2.0,7,78,91,78,92,14.3,28.6,14.3,2.87,3.35,2.86,3.39,0.0,0.75,50.0,0.0,50.0,0.0,0.2,0.0
357,伊藤 優輔,巨,右,RP,22.0,88,101,111,102,114,5.7,19.3,13.6,3.73,4.11,3.75,4.2,0.0,0.737,52.3,6.2,36.0,5.5,-0.2,0.0
358,山﨑 康晃,デ,右,RP,2.0,7,91,98,80,89,0.0,0.0,0.0,3.37,3.61,2.94,3.27,0.0,0.857,77.4,3.9,18.7,0.0,0.2,0.0
359,中﨑 翔太,広,右,RP,1.0,6,90,90,59,64,0.0,0.0,0.0,3.46,3.46,2.26,2.46,0.0,0.5,56.8,10.8,12.4,20.0,0.2,0.0
360,日髙 暖己,広,右,RP,2.0,9,77,77,82,82,11.1,22.2,11.1,2.96,2.96,3.15,3.15,-,0.667,83.3,16.7,0.0,0.0,0.2,0.0
361,東松 快征,オ,左,SP,1.7,12,43,50,100,111,16.7,25.0,8.3,1.66,1.93,3.86,4.26,0.0,0.25,44.0,20.3,35.7,0.0,0.0,0.0
362,浜屋 将太,西,左,RP,1.0,5,37,50,59,71,20.0,20.0,0.0,1.37,1.85,2.18,2.62,0.0,0.25,60.5,6.8,32.7,0.0,0.2,0.0
363,阿部 翔太,オ,右,RP,10.3,44,95,113,100,119,2.3,11.4,9.1,3.66,4.33,3.87,4.57,0.0,0.714,17.0,11.1,51.9,20.0,0.0,0.0
364,櫻井 周斗,楽,左,SP,1.0,3,91,105,83,100,0.0,0.0,0.0,3.37,3.85,3.07,3.67,0.0,1.0,66.7,0.0,33.3,0.0,0.1,0.0
365,中森 俊介,ロ,右,RP,1.0,3,37,64,63,93,33.3,33.3,0.0,1.37,2.34,2.32,3.42,0.0,1.0,0.0,0.0,100.0,0.0,0.2,0.0
366,池田 隆英,日,右,RP,2.0,7,64,84,85,108,14.3,14.3,0.0,2.37,3.1,3.14,3.97,0.0,0.667,40.3,4.5,55.2,0.0,0.1,0.0
367,孫 易磊,日,右,SP,1.0,4,118,118,91,91,0.0,25.0,25.0,4.37,4.37,3.36,3.36,-,1.0,100.0,0.0,0.0,0.0,0.0,0.0
368,杉田 健,広,右,SP,23.3,103,134,106,125,102,4.9,11.7,6.8,5.14,4.06,4.82,3.91,8.5,0.688,41.3,4.7,41.2,12.8,-2.5,0.0
369,西村 陸,O,右,RP,24.3,92,110,108,103,103,1.1,7.6,6.5,4.06,3.99,3.79,3.79,3.8,0.779,47.5,6.6,33.9,12.0,-0.3,0.0
370,八神 辰大,O,左,RP,1.0,5,91,105,78,93,0.0,0.0,0.0,3.37,3.85,2.86,3.43,0.0,0.6,36.8,10.8,32.4,20.0,0.1,0.0
371,山岡 泰輔,オ,右,SP,0.3,1,90,90,52,52,0.0,0.0,0.0,3.46,3.46,1.99,1.99,-,1.0,100.0,0.0,0.0,0.0,0.1,0.0
372,菊田 翔友,中,右,SP,2.0,10,168,179,115,126,-20.0,0.0,20.0,6.46,6.9,4.41,4.84,0.0,0.75,42.8,3.4,28.9,25.0,-0.1,0.0
373,河内 康介,オ,右,SP,10.0,39,116,87,124,97,10.3,15.4,5.1,4.46,3.34,4.79,3.74,16.2,0.679,72.2,10.0,17.8,0.0,-1.0,0.0
374,二木 康太,ロ,右,RP,4.0,16,78,101,98,120,6.3,6.3,0.0,2.87,3.72,3.61,4.44,0.0,0.733,36.1,8.5,48.7,6.7,0.0,0.0
375,斉藤 優汰,広,右,RP,7.7,38,107,122,102,117,0.0,13.2,13.2,4.12,4.69,3.91,4.49,0.0,0.571,33.1,7.0,45.1,14.8,-0.1,0.0
376,東妻 勇輔,ロ,右,RP,15.0,68,111,92,103,88,11.8,19.1,7.4,4.1,3.39,3.78,3.25,12.8,0.667,75.6,7.5,14.8,2.2,-0.2,0.0
377,砂田 毅樹,中,左,RP,12.3,59,115,100,103,93,6.8,13.6,6.8,4.44,3.84,3.97,3.59,6.1,0.614,45.8,6.6,34.2,13.3,-0.2,0.0
378,東 晃平,オ,右,RP,3.7,15,83,95,99,113,6.7,13.3,6.7,3.19,3.67,3.83,4.35,0.0,0.75,40.3,12.8,38.5,8.3,0.0,0.0
379,大山 凌,ソ,右,RP,3.0,14,99,110,99,111,0.0,7.1,7.1,3.8,4.23,3.8,4.27,0.0,0.75,64.2,2.7,33.1,0.0,0.0,0.0
380,松田 啄磨,楽,右,RP,1.0,4,37,64,86,114,25.0,25.0,0.0,1.37,2.34,3.18,4.19,0.0,0.667,14.0,9.0,77.0,0.0,0.1,0.0
381,木村 大成,ソ,左,RP,1.0,5,116,127,89,101,0.0,20.0,20.0,4.46,4.9,3.41,3.87,0.0,0.667,14.0,9.0,43.7,33.3,0.0,0.0
382,山下 輝,ヤ,左,SP,8.7,45,129,138,125,137,-6.7,6.7,13.3,4.75,5.09,4.61,5.03,0.0,0.611,58.9,10.3,25.3,5.6,-0.9,0.0
383,ジャクソン,デ,右,SP,13.0,56,125,84,126,93,12.5,19.6,7.1,4.6,3.08,4.64,3.41,12.2,0.541,47.7,7.6,36.9,7.7,-1.4,0.0
384,岡植 純平,ソ,右,RP,1.0,5,64,75,92,104,20.0,40.0,20.0,2.46,2.9,3.54,4.0,0.0,0.5,21.0,13.5,65.5,0.0,0.0,0.0
385,山野 太一,ヤ,左,RP,11.0,46,84,101,103,122,6.5,13.0,6.5,3.09,3.71,3.79,4.48,0.0,0.703,34.3,11.6,45.8,8.3,-0.1,0.0
386,本田 仁海,オ,右,SP,1.0,3,90,113,118,147,0.0,0.0,0.0,3.46,4.34,4.55,5.65,0.0,1.0,33.3,0.0,66.7,0.0,-0.1,0.0
387,鈴木 康平,巨,右,SP,1.0,6,118,118,119,125,0.0,16.7,16.7,4.37,4.37,4.39,4.61,0.0,0.5,71.0,13.5,15.5,0.0,-0.1,0.0
388,竹山 日向,ヤ,右,RP,5.7,28,87,103,103,121,3.6,7.1,3.6,3.19,3.79,3.8,4.44,0.0,0.6,41.4,12.0,38.2,8.3,-0.1,0.0
389,廣畑 敦也,ロ,右,RP,27.7,115,104,109,104,111,3.5,7.8,4.3,3.83,4.0,3.83,4.08,2.4,0.724,41.8,6.3,41.7,10.2,-0.4,0.0
390,中村 稔弥,ロ,左,RP,1.3,6,112,112,102,105,16.7,16.7,0.0,4.12,4.12,3.77,3.88,0.0,0.75,85.5,6.8,7.7,0.0,0.0,0.0
391,仲地 礼亜,中,右,RP,2.0,9,90,101,104,117,11.1,33.3,22.2,3.46,3.9,4.02,4.48,0.0,0.75,35.5,6.8,57.7,0.0,0.0,0.0
392,木下 幹也,巨,右,RP,1.0,8,64,91,104,121,12.5,25.0,12.5,2.37,3.34,3.83,4.47,0.0,0.2,36.8,10.8,52.4,0.0,0.0,0.0
393,黒田 将矢,西,右,RP,1.0,4,91,91,107,115,0.0,0.0,0.0,3.37,3.37,3.93,4.23,0.0,0.5,71.0,13.5,15.5,0.0,0.0,0.0
394,堀田 賢慎,巨,右,SP,1.0,5,118,132,133,149,0.0,20.0,20.0,4.37,4.85,4.91,5.47,0.0,0.667,47.3,9.0,43.7,0.0,-0.1,0.0
395,西垣 雅矢,楽,右,RP,9.0,41,122,126,105,111,0.0,17.1,17.1,4.48,4.64,3.87,4.1,0.0,0.769,59.5,9.0,18.4,13.0,-0.2,0.0
396,松本 晴,ソ,左,RP,1.7,9,106,119,112,125,0.0,11.1,11.1,4.06,4.59,4.3,4.81,0.0,0.571,57.0,4.5,38.5,0.0,-0.1,0.0
397,松本 隆之介,デ,左,RP,6.7,35,99,119,107,126,5.7,14.3,8.6,3.67,4.4,3.95,4.63,0.0,0.538,38.2,7.3,46.8,7.7,-0.2,0.0
398,北浦 竜次,日,左,RP,7.0,31,103,62,107,77,16.1,16.1,0.0,3.79,2.29,3.95,2.83,14.0,0.5,67.8,7.6,24.7,0.0,-0.2,0.0
399,田中 将大,楽,右,SP,3.3,16,173,79,134,63,12.5,18.8,6.3,6.37,2.9,4.93,2.31,27.6,0.6,53.1,4.9,23.8,18.2,-0.5,0.0
400,吉川 悠斗,ロ,左,SP,12.0,53,123,143,129,150,-5.7,9.4,15.1,4.53,5.26,4.75,5.53,0.0,0.7,37.4,4.7,50.4,7.5,-1.4,0.0
401,奥川 恭伸,ヤ,右,RP,3.0,15,91,113,112,132,6.7,20.0,13.3,3.37,4.18,4.12,4.86,0.0,0.6,38.4,5.4,56.2,0.0,-0.1,0.0
402,坂本 光士郎,ロ,左,RP,9.0,44,131,105,107,87,9.1,20.5,11.4,4.81,3.85,3.94,3.21,9.8,0.63,35.9,7.7,34.2,22.2,-0.3,0.0
403,古川 侑利,ソ,右,RP,18.7,95,114,128,106,120,2.1,14.7,12.6,4.38,4.94,4.08,4.61,0.0,0.606,39.2,5.4,43.1,12.3,-0.5,0.0
404,小孫 竜二,楽,右,RP,2.0,11,159,166,119,126,-9.1,18.2,27.3,5.87,6.11,4.37,4.63,0.0,0.667,57.0,4.5,21.8,16.7,-0.2,0.0
405,ヤン,西,左,RP,8.7,39,120,90,108,83,12.8,28.2,15.4,4.4,3.3,3.96,3.07,11.7,0.6,43.3,6.4,35.9,14.3,-0.3,0.0
406,目黒 宏也,O,左,SP,21.7,97,119,135,129,147,-4.1,7.2,11.3,4.38,4.99,4.73,5.42,0.0,0.679,45.7,7.0,42.0,5.3,-2.5,0.0
407,坂本 拓己,ヤ,左,SP,4.0,18,146,159,135,151,-11.1,11.1,22.2,5.37,5.85,4.96,5.55,0.0,0.75,35.5,6.8,41.1,16.7,-0.6,0.0
408,西 純矢,神,右,RP,4.0,15,77,91,112,129,13.3,26.7,13.3,2.96,3.51,4.32,4.95,0.0,0.889,26.9,14.1,59.0,0.0,-0.2,0.0
409,石原 勇輝,ヤ,左,RP,5.0,31,102,118,111,125,3.2,16.1,12.9,3.77,4.35,4.08,4.62,0.0,0.409,47.1,9.8,38.5,4.5,-0.2,0.0
410,竹下 瑛広,楽,右,RP,1.0,6,118,132,141,156,0.0,16.7,16.7,4.37,4.85,5.18,5.76,0.0,0.5,46.0,13.5,40.5,0.0,-0.2,0.0
411,安城 健汰,O,右,RP,7.0,28,91,108,109,130,3.6,10.7,7.1,3.37,3.99,4.03,4.8,0.0,0.696,38.7,7.4,49.4,4.5,-0.3,0.0
412,京本 眞,巨,右,SP,4.0,25,125,132,137,147,4.0,20.0,16.0,4.62,4.86,5.04,5.43,0.0,0.4,55.7,14.4,29.9,0.0,-0.6,0.0
413,竹山 日向,ヤ,右,SP,1.0,12,173,186,169,184,0.0,0.0,0.0,6.37,6.85,6.22,6.8,0.0,0.273,54.0,17.2,28.8,0.0,-0.3,0.0
414,遠藤 淳志,広,右,RP,5.0,22,116,134,113,132,-4.5,9.1,13.6,4.46,5.16,4.35,5.08,0.0,0.765,29.5,1.8,55.4,13.3,-0.3,0.0
415,石山 泰稚,ヤ,右,RP,2.0,8,132,152,125,148,-12.5,0.0,12.5,4.87,5.6,4.62,5.45,0.0,0.857,34.6,3.9,47.3,14.3,-0.2,0.0
416,寿賀 弘都,オ,左,RP,0.3,6,402,436,234,250,-16.7,16.7,33.3,15.46,16.77,8.98,9.63,0.0,0.0,28.0,18.0,54.0,0.0,-0.2,0.0
417,赤塚 健利,広,右,RP,1.0,4,168,191,149,174,-25.0,0.0,25.0,6.46,7.34,5.72,6.7,0.0,1.0,0.0,0.0,66.7,33.3,-0.2,0.0
418,河内 康介,オ,右,RP,3.3,13,121,128,119,130,-7.7,7.7,15.4,4.66,4.93,4.57,4.99,0.0,0.7,52.6,8.1,29.3,10.0,-0.3,0.0
419,森木 大智,神,右,SP,3.0,15,107,115,143,153,0.0,13.3,13.3,4.13,4.42,5.49,5.9,0.0,0.636,51.6,18.9,29.4,0.0,-0.5,0.0
420,垣越 建伸,中,左,RP,2.3,15,146,155,126,137,-6.7,13.3,20.0,5.61,5.98,4.83,5.28,0.0,0.5,31.0,13.5,35.5,20.0,-0.3,0.0
421,宇田川 優希,オ,右,RP,9.0,40,102,115,110,125,7.5,25.0,17.5,3.91,4.44,4.24,4.8,0.0,0.636,27.7,6.1,57.0,9.1,-0.4,0.0
422,ロドリゲス,ヤ,右,RP,16.0,75,130,144,107,121,-6.7,6.7,13.3,4.8,5.29,3.95,4.45,0.0,0.712,52.3,3.7,31.9,12.1,-0.5,0.0
423,コルデロ,ロ,右,RP,4.7,26,138,149,117,130,-7.7,7.7,15.4,5.08,5.5,4.29,4.78,0.0,0.55,44.7,9.5,30.8,15.0,-0.3,0.0
424,清水 麻成,デ,右,RP,1.0,7,173,173,163,166,14.3,42.9,28.6,6.37,6.37,6.01,6.12,0.0,0.0,42.0,27.0,31.0,0.0,-0.3,0.0
425,増田 達至,西,右,RP,1.0,4,91,118,164,205,0.0,0.0,0.0,3.37,4.34,6.03,7.55,0.0,0.75,14.0,9.0,77.0,0.0,-0.3,0.0
426,山本 大貴,ヤ,左,RP,3.3,14,124,128,124,132,0.0,7.1,7.1,4.57,4.71,4.57,4.85,0.0,0.727,75.1,7.4,17.5,0.0,-0.3,0.0
427,風間 球打,ソ,右,RP,4.0,18,110,124,122,137,0.0,16.7,16.7,4.21,4.76,4.68,5.25,0.0,0.75,48.7,4.5,46.8,0.0,-0.4,0.0
428,鍬原 拓也,ソ,右,SP,4.0,21,142,156,144,159,-4.8,9.5,14.3,5.46,6.01,5.55,6.12,0.0,0.6,44.5,7.2,41.6,6.7,-0.8,0.0
429,大道 温貴,広,右,RP,10.3,53,108,87,112,99,11.3,22.6,11.3,4.14,3.35,4.29,3.79,6.9,0.515,37.1,11.7,39.4,11.8,-0.5,0.0
430,本田 仁海,オ,右,RP,8.0,33,106,115,114,125,0.0,15.2,15.2,4.09,4.42,4.39,4.82,0.0,0.696,45.7,11.4,34.2,8.7,-0.5,0.0
431,マルティネス,デ,右,RP,1.0,4,173,186,184,200,-25.0,0.0,25.0,6.37,6.85,6.78,7.37,0.0,1.0,66.7,0.0,33.3,0.0,-0.3,0.0
432,藤井 黎來,広,右,RP,7.0,31,127,95,116,89,12.9,19.4,6.5,4.89,3.66,4.47,3.44,9.4,0.7,37.3,2.6,45.8,14.3,-0.5,0.0
433,ルシアーノ,巨,右,RP,10.0,36,132,101,113,80,2.8,13.9,11.1,4.87,3.71,4.16,2.95,25.5,0.84,70.2,7.0,11.3,11.5,-0.5,0.0
434,庄司 陽斗,デ,左,RP,1.0,3,173,173,196,196,-33.3,0.0,33.3,6.37,6.37,7.22,7.22,-,1.0,100.0,0.0,0.0,0.0,-0.4,0.0
435,鈴木 勇斗,神,左,RP,10.0,41,106,116,114,126,2.4,22.0,19.5,4.06,4.46,4.39,4.83,0.0,0.833,46.9,7.5,41.4,4.2,-0.6,0.0
436,金久保 優斗,ヤ,右,SP,10.7,53,132,118,136,128,1.9,11.3,9.4,4.87,4.33,5.02,4.71,5.4,0.575,38.1,9.7,42.5,9.8,-1.6,0.0
437,河村 説人,ロ,右,RP,8.0,35,118,94,117,99,8.6,11.4,2.9,4.37,3.47,4.32,3.66,7.2,0.643,39.7,5.6,44.3,10.3,-0.6,0.0
438,鍵谷 陽平,日,右,RP,12.3,51,109,93,113,102,7.8,7.8,0.0,4.01,3.43,4.16,3.74,6.5,0.682,56.0,6.8,32.7,4.5,-0.6,0.0
439,笠谷 俊介,ソ,左,RP,11.0,44,114,120,114,123,-2.3,15.9,18.2,4.37,4.61,4.4,4.75,0.0,0.759,61.2,6.0,29.1,3.7,-0.7,0.0
440,髙橋 優貴,巨,左,RP,1.0,6,200,200,219,224,-16.7,16.7,33.3,7.37,7.37,8.07,8.24,0.0,0.667,71.0,13.5,15.5,0.0,-0.5,-0.1
441,伊勢 大夢,デ,右,RP,2.3,10,126,143,158,181,-10.0,0.0,10.0,4.65,5.28,5.81,6.66,0.0,0.667,48.0,6.8,45.2,0.0,-0.6,-0.1
442,二保 旭,ロ,右,SP,5.0,28,124,145,152,175,-7.1,0.0,7.1,4.57,5.35,5.62,6.44,0.0,0.538,46.9,10.4,42.7,0.0,-1.1,-0.1
443,滝田 一希,広,左,RP,10.7,50,117,126,117,128,-2.0,16.0,18.0,4.5,4.86,4.49,4.93,0.0,0.667,49.8,6.3,37.2,6.7,-0.8,-0.1
444,高田 孝一,楽,右,SP,3.0,14,118,145,171,202,-7.1,0.0,7.1,4.37,5.34,6.31,7.44,0.0,0.538,31.5,10.4,58.1,0.0,-0.9,-0.1
445,草野 陽斗,デ,右,RP,1.3,9,214,223,206,221,-22.2,0.0,22.2,7.87,8.23,7.6,8.12,0.0,0.429,60.9,11.6,27.6,0.0,-0.6,-0.1
446,バーヘイゲン,日,右,RP,5.0,24,140,151,132,144,0.0,12.5,12.5,5.17,5.56,4.85,5.29,0.0,0.75,57.9,5.1,30.8,6.3,-0.6,-0.1
447,斉藤 優汰,広,右,SP,8.0,35,155,126,144,117,-2.9,11.4,14.3,5.96,4.83,5.53,4.49,10.4,0.75,55.4,2.2,34.5,8.0,-1.5,-0.1
448,大谷 輝龍,ロ,右,SP,10.0,50,116,104,141,136,6.0,10.0,4.0,4.27,3.84,5.2,5.0,4.7,0.561,39.6,9.5,48.6,2.4,-1.7,-0.1
449,本田 圭佑,西,右,RP,7.0,31,115,128,125,141,-3.2,9.7,12.9,4.22,4.71,4.6,5.2,0.0,0.708,41.4,10.7,38.9,9.1,-0.7,-0.1
450,岡田 俊哉,中,左,RP,1.0,3,90,113,252,289,0.0,0.0,0.0,3.46,4.34,9.71,11.1,0.0,1.0,0.0,33.3,66.7,0.0,-0.7,-0.1
451,アルバレス,中,右,RP,14.0,66,123,114,115,109,6.1,16.7,10.6,4.75,4.38,4.44,4.19,4.8,0.636,32.0,5.7,46.0,16.3,-0.9,-0.1
452,辻 大雅,広,左,RP,3.7,20,126,141,146,162,0.0,10.0,10.0,4.83,5.42,5.63,6.22,0.0,0.533,37.9,13.9,41.6,6.7,-0.7,-0.1
453,メルセデス,ロ,左,RP,3.0,20,164,173,159,171,-10.0,10.0,20.0,6.03,6.36,5.85,6.29,0.0,0.429,60.9,11.6,27.6,0.0,-0.7,-0.1
454,今野 龍太,ヤ,右,RP,17.0,76,98,93,114,112,11.8,19.7,7.9,3.6,3.41,4.2,4.12,4.3,0.654,45.2,7.9,44.8,2.0,-1.0,-0.1
455,野村 裕樹,ハ,右,SP,19.0,87,108,123,136,152,-2.3,8.0,10.3,4.15,4.75,5.21,5.86,0.0,0.662,35.6,14.2,43.2,7.0,-2.9,-0.1
456,小野 郁,ロ,右,RP,10.7,52,109,97,120,113,11.5,17.3,5.8,4.02,3.58,4.42,4.17,5.1,0.568,29.1,9.3,50.8,10.8,-0.9,-0.1
457,奥川 恭伸,ヤ,右,SP,22.7,94,137,107,135,108,7.4,11.7,4.3,5.04,3.95,4.96,3.99,9.3,0.757,45.5,5.1,39.9,9.6,-3.2,-0.1
458,森 翔平,広,左,RP,3.0,13,168,67,162,77,15.4,15.4,0.0,6.46,2.57,6.21,2.96,25.5,0.667,52.6,8.1,29.3,10.0,-0.8,-0.1
459,上田 大河,西,右,RP,13.0,57,112,99,118,108,12.3,21.1,8.8,4.13,3.66,4.33,3.98,6.1,0.694,45.4,6.0,43.0,5.6,-0.9,-0.1
460,飯田 大翔,O,右,RP,5.3,29,142,150,138,147,-6.9,13.8,20.7,5.24,5.51,5.08,5.41,0.0,0.632,59.3,11.6,23.5,5.6,-0.8,-0.1
461,甲斐野 央,西,右,RP,2.0,10,214,220,198,207,-30.0,0.0,30.0,7.87,8.11,7.31,7.64,0.0,0.857,34.6,18.1,18.7,28.6,-0.8,-0.1
462,原 樹理,ヤ,右,SP,29.0,126,124,127,134,139,-2.4,5.6,7.9,4.57,4.68,4.93,5.13,2.6,0.676,47.5,9.0,36.7,6.7,-4.0,-0.1
463,佐藤 琢磨,ソ,左,RP,1.7,10,199,226,225,249,-20.0,10.0,30.0,7.66,8.71,8.66,9.58,0.0,0.667,0.0,16.7,66.7,16.7,-0.9,-0.1
464,岩貞 祐太,神,左,RP,12.3,50,126,107,121,104,10.0,20.0,10.0,4.84,4.11,4.66,3.99,9.2,0.733,53.3,5.2,31.8,9.7,-1.1,-0.1
465,原 樹理,ヤ,右,RP,8.0,32,132,109,130,110,3.1,6.3,3.1,4.87,4.03,4.8,4.05,7.3,0.741,45.9,1.9,45.1,7.1,-1.0,-0.1
466,ロペス,西,右,RP,4.0,16,152,176,158,185,-6.3,0.0,6.3,5.62,6.47,5.81,6.8,0.0,0.923,26.3,2.1,56.2,15.4,-0.9,-0.1
467,田中 択磨,O,右,RP,2.7,21,183,218,185,210,-14.3,0.0,14.3,6.74,8.02,6.8,7.72,0.0,0.444,33.9,13.1,47.5,5.6,-0.9,-0.1
468,古賀 康誠,楽,左,RP,14.0,58,111,122,120,134,-1.7,6.9,8.6,4.08,4.5,4.41,4.93,0.0,0.667,58.2,7.5,32.1,2.2,-1.1,-0.1
469,杉原 望来,広,左,RP,1.0,6,246,280,318,355,-33.3,0.0,33.3,9.46,10.77,12.23,13.67,0.0,0.75,10.5,6.8,82.7,0.0,-0.9,-0.1
470,松岡 洸希,日,右,RP,13.7,60,137,119,120,106,-1.7,11.7,13.3,5.05,4.38,4.43,3.91,8.8,0.674,57.3,6.9,24.2,11.6,-1.1,-0.1
471,京本 眞,巨,右,RP,15.7,67,105,98,118,114,9.0,19.4,10.4,3.88,3.61,4.36,4.19,4.8,0.733,39.5,9.9,44.0,6.7,-1.2,-0.1
472,中田 惟斗,オ,右,RP,13.7,63,113,73,121,89,14.3,20.6,6.3,4.34,2.79,4.66,3.44,13.3,0.548,53.5,10.7,31.0,4.8,-1.2,-0.1
473,山田 陽翔,西,右,RP,2.0,18,254,267,221,235,-11.1,16.7,27.8,9.37,9.85,8.13,8.65,0.0,0.333,45.6,15.0,39.4,0.0,-1.0,-0.1
474,富山 凌雅,オ,左,RP,9.0,36,122,93,130,104,5.6,11.1,5.6,4.69,3.58,5.01,4.0,10.9,0.679,53.4,10.3,29.2,7.1,-1.2,-0.1
475,石田 健大,デ,左,RP,6.0,27,118,138,143,166,0.0,11.1,11.1,4.37,5.1,5.28,6.11,0.0,0.75,40.3,4.5,55.2,0.0,-1.1,-0.1
476,野口 渉,ハ,右,RP,7.0,36,142,155,138,152,-8.3,5.6,13.9,5.46,5.96,5.31,5.85,0.0,0.607,49.8,6.8,36.3,7.1,-1.1,-0.1
477,岡留 英貴,神,右,RP,1.7,10,340,171,247,116,-10.0,0.0,10.0,13.06,6.57,9.49,4.47,20.0,0.571,0.0,0.0,57.1,42.9,-1.0,-0.1
478,村上 航,ハ,右,RP,1.0,15,506,517,342,356,-33.3,6.7,40.0,19.46,19.9,13.15,13.69,0.0,0.375,44.3,19.3,36.4,0.0,-1.0,-0.1
479,ダイクストラ,ロ,右,SP,14.0,60,148,136,145,135,-5.0,11.7,16.7,5.44,5.0,5.33,4.96,6.2,0.78,43.8,7.1,37.0,12.2,-2.6,-0.1
480,浜地 真澄,神,右,RP,3.0,15,220,119,187,103,0.0,13.3,13.3,8.46,4.57,7.19,3.95,30.2,0.667,64.2,2.7,23.1,10.0,-1.1,-0.1
481,土生 翔太,中,右,RP,7.3,34,126,87,139,108,14.7,17.6,2.9,4.83,3.35,5.34,4.17,12.8,0.522,46.9,14.9,29.5,8.7,-1.2,-0.1
482,奥田 健誠,ハ,右,RP,22.7,114,111,122,116,127,3.5,23.7,20.2,4.26,4.68,4.45,4.9,0.0,0.603,43.8,7.4,44.0,4.8,-1.5,-0.1
483,中山 晶量,日,右,SP,3.0,12,182,86,213,117,16.7,25.0,8.3,6.7,3.18,7.83,4.31,18.8,0.667,34.6,3.9,61.6,0.0,-1.4,-0.1
484,嘉手苅 浩太,ヤ,右,RP,4.7,26,161,173,160,171,-11.5,11.5,23.1,5.94,6.35,5.88,6.28,0.0,0.588,63.8,9.1,27.2,0.0,-1.1,-0.1
485,森山 暁生,中,左,RP,4.0,23,188,117,168,121,0.0,8.7,8.7,7.21,4.51,6.46,4.64,15.3,0.529,56.1,7.5,30.8,5.6,-1.2,-0.1
486,小林 樹斗,広,右,RP,2.7,11,178,72,200,103,18.2,18.2,0.0,6.84,2.78,7.68,3.95,18.8,0.714,42.8,3.4,53.9,0.0,-1.1,-0.1
487,大野 稼頭央,ソ,左,RP,3.7,18,175,191,174,191,-16.7,0.0,16.7,6.74,7.33,6.7,7.34,0.0,0.786,48.9,3.9,40.1,7.1,-1.2,-0.1
488,竹下 瑛広,楽,右,SP,8.0,33,149,115,160,127,3.0,21.2,18.2,5.49,4.23,5.91,4.69,13.2,0.611,42.6,12.4,34.5,10.5,-2.0,-0.1
489,高田 孝一,楽,右,RP,14.0,68,117,140,123,146,-1.5,10.3,11.8,4.29,5.16,4.55,5.38,0.0,0.654,27.3,7.1,54.0,11.5,-1.3,-0.1
490,中村 祐太,西,右,RP,7.0,30,134,153,143,165,-3.3,16.7,20.0,4.94,5.63,5.27,6.07,0.0,0.833,22.6,3.2,62.5,11.8,-1.2,-0.1
491,山本 晃大,日,左,RP,14.7,70,112,125,123,139,0.0,15.7,15.7,4.12,4.61,4.54,5.11,0.0,0.646,45.7,9.6,40.5,4.3,-1.4,-0.1
492,坂井 陽翔,楽,右,RP,7.7,36,141,153,141,155,-8.3,13.9,22.2,5.19,5.64,5.21,5.71,0.0,0.696,46.4,9.0,35.8,8.7,-1.3,-0.1
493,益田 武尚,広,右,RP,6.7,35,137,96,147,118,8.6,14.3,5.7,5.26,3.71,5.65,4.55,11.4,0.52,59.1,9.7,31.1,0.0,-1.3,-0.1
494,戸根 千明,広,左,RP,10.0,49,163,139,133,114,-2.0,12.2,14.3,6.26,5.36,5.12,4.37,9.8,0.719,42.8,6.5,28.9,21.9,-1.4,-0.1
495,京山 将弥,デ,右,RP,12.0,54,116,101,129,119,7.4,13.0,5.6,4.28,3.73,4.75,4.37,6.2,0.61,52.9,8.8,35.9,2.4,-1.4,-0.1
496,櫻井 周斗,楽,左,RP,15.3,71,129,142,124,139,-4.2,12.7,16.9,4.73,5.24,4.55,5.11,0.0,0.735,43.3,6.3,39.5,10.9,-1.5,-0.1
497,宮國 凌空,オ,右,RP,1.7,14,293,306,280,296,-28.6,7.1,35.7,11.26,11.79,10.79,11.38,0.0,0.5,46.6,11.6,41.8,0.0,-1.3,-0.1
498,宮川 哲,ヤ,右,RP,15.0,69,129,118,124,117,0.0,11.6,11.6,4.77,4.35,4.58,4.33,5.5,0.686,51.9,6.9,33.4,7.8,-1.5,-0.1
499,鈴木 勇斗,神,左,SP,6.0,34,181,200,177,196,-17.6,8.8,26.5,6.96,7.69,6.8,7.54,0.0,0.636,24.3,6.4,55.0,14.3,-2.0,-0.1
500,村田 賢一,ソ,右,RP,5.0,27,184,132,165,128,-3.7,7.4,11.1,7.06,5.07,6.36,4.92,11.7,0.6,48.1,6.4,35.9,9.5,-1.4,-0.1
501,高梨 雄平,巨,左,RP,6.0,27,137,91,159,120,14.8,22.2,7.4,5.03,3.35,5.85,4.41,13.8,0.688,51.1,12.2,36.7,0.0,-1.4,-0.1
502,宮城 滝太,デ,右,RP,16.3,70,126,97,124,99,10.0,18.6,8.6,4.65,3.57,4.58,3.66,10.0,0.717,47.2,5.8,38.5,8.5,-1.6,-0.1
503,小野 泰己,オ,右,RP,6.3,30,176,185,158,168,-16.7,20.0,36.7,6.78,7.12,6.08,6.46,0.0,0.846,34.0,2.1,40.8,23.1,-1.6,-0.2
504,鈴木 康平,巨,右,RP,13.0,55,129,117,131,121,3.6,14.5,10.9,4.75,4.31,4.81,4.46,5.8,0.737,44.6,5.0,42.5,7.9,-1.6,-0.2
505,内間 拓馬,広,右,RP,14.7,62,101,94,128,123,12.9,22.6,9.7,3.87,3.61,4.91,4.73,4.3,0.692,32.4,9.7,55.4,2.5,-1.7,-0.2
506,石川 雅規,ヤ,左,RP,2.7,11,214,101,241,127,9.1,18.2,9.1,7.87,3.72,8.87,4.68,23.2,0.833,48.9,3.9,47.3,0.0,-1.5,-0.2
507,森 唯斗,デ,右,RP,3.0,12,191,104,231,145,8.3,8.3,0.0,7.03,3.84,8.49,5.34,13.7,0.778,34.2,2.7,63.1,0.0,-1.6,-0.2
508,能登 嵩都,O,右,RP,13.3,58,106,128,133,157,-1.7,6.9,8.6,3.89,4.73,4.89,5.79,0.0,0.694,31.0,9.6,53.3,6.1,-1.8,-0.2
509,新家 颯,広,左,RP,6.7,33,160,167,161,168,-6.1,18.2,24.2,6.16,6.43,6.19,6.48,0.0,0.765,58.9,7.9,26.9,6.3,-1.7,-0.2
510,宮森 智志,楽,右,RP,27.3,118,110,113,118,124,5.9,17.8,11.9,4.06,4.17,4.36,4.55,2.6,0.709,36.4,8.0,46.8,8.9,-2.1,-0.2
511,尾形 崇斗,ソ,右,RP,2.0,9,272,126,297,151,0.0,11.1,11.1,10.46,4.84,11.43,5.79,25.0,0.8,50.0,0.0,50.0,0.0,-1.7,-0.2
512,島本 浩也,神,左,RP,1.0,4,428,101,492,106,0.0,0.0,0.0,16.46,3.9,18.91,4.1,100.0,1.0,100.0,0.0,0.0,0.0,-1.7,-0.2
513,松原 快,神,右,RP,18.7,86,118,128,126,138,1.2,16.3,15.1,4.54,4.93,4.83,5.3,0.0,0.625,48.0,8.5,38.1,5.4,-2.0,-0.2
514,鈴木 颯人,O,右,RP,12.7,57,117,112,136,134,7.0,14.0,7.0,4.31,4.13,5.0,4.92,4.1,0.667,34.7,6.7,53.9,4.7,-1.9,-0.2
515,茨木 秀俊,神,右,RP,4.0,19,175,107,205,148,5.3,15.8,10.5,6.71,4.12,7.9,5.7,13.2,0.583,39.2,10.4,50.4,0.0,-1.8,-0.2
516,古谷 拓郎,ロ,右,RP,13.0,60,135,152,136,153,-3.3,10.0,13.3,4.98,5.58,5.01,5.63,0.0,0.674,46.7,5.5,40.8,7.0,-1.9,-0.2
517,大曲 錬,西,右,RP,13.0,63,129,118,136,129,6.3,17.5,11.1,4.75,4.35,5.01,4.74,5.4,0.61,48.4,5.4,43.7,2.5,-1.9,-0.2
518,坂田 怜,広,右,RP,2.7,16,217,234,259,280,-18.8,6.3,25.0,8.34,8.99,9.97,10.78,0.0,0.6,36.2,9.0,54.8,0.0,-1.8,-0.2
519,木口 広大,O,右,RP,11.0,48,148,129,143,127,0.0,8.3,8.3,5.46,4.76,5.25,4.7,7.4,0.694,44.2,8.5,33.7,13.5,-1.9,-0.2
520,田中 千晴,巨,右,RP,6.7,35,140,109,168,148,8.6,14.3,5.7,5.17,4.02,6.18,5.46,7.1,0.52,39.2,10.4,50.4,0.0,-1.8,-0.2
521,秋山 拓巳,神,右,SP,37.0,164,130,90,139,106,9.8,12.8,3.0,5.01,3.45,5.34,4.08,10.4,0.629,39.8,10.2,39.9,10.1,-6.1,-0.2
522,モラ,ハ,右,RP,7.0,34,175,182,169,177,-17.6,5.9,23.5,6.75,7.0,6.49,6.81,0.0,0.783,46.4,13.4,22.8,17.4,-2.1,-0.2
523,権田 琉成,オ,右,RP,23.3,102,113,113,124,125,2.0,10.8,8.8,4.36,4.33,4.77,4.82,3.0,0.696,49.0,6.7,40.5,3.8,-2.4,-0.2
524,伊禮 海斗,O,左,RP,22.3,104,133,129,125,124,-2.9,11.5,14.4,4.89,4.76,4.6,4.56,4.1,0.68,58.2,5.3,31.2,5.3,-2.3,-0.2
525,髙田 琢登,デ,左,RP,5.3,36,234,180,193,160,-11.1,8.3,19.4,8.62,6.63,7.1,5.9,13.4,0.5,49.4,12.6,25.9,12.0,-2.0,-0.2
526,吉野 光樹,デ,右,SP,34.7,152,127,102,141,120,7.9,17.8,9.9,4.69,3.77,5.2,4.43,8.4,0.683,37.7,11.5,42.1,8.7,-5.8,-0.2
527,土肥 星也,ロ,左,RP,10.7,57,137,121,149,140,1.8,14.0,12.3,5.05,4.47,5.5,5.16,5.6,0.575,44.8,8.5,44.0,2.6,-2.2,-0.2
528,山下 輝,ヤ,左,RP,8.3,30,143,111,162,126,0.0,10.0,10.0,5.29,4.08,5.99,4.65,14.4,0.864,66.3,7.9,25.8,0.0,-2.1,-0.2
529,上村 知輝,O,右,RP,24.0,102,108,108,124,127,3.9,13.7,9.8,3.99,3.98,4.59,4.66,3.3,0.724,44.4,10.7,39.5,5.3,-2.4,-0.2
530,坂本 拓己,ヤ,左,RP,6.7,36,193,162,180,157,-8.3,8.3,16.7,7.12,5.97,6.62,5.8,7.8,0.64,36.6,6.2,45.6,11.5,-2.2,-0.2
531,安城 健汰,O,右,SP,35.3,159,132,135,141,147,-3.1,10.1,13.2,4.87,4.97,5.21,5.4,2.5,0.684,51.1,9.4,34.3,5.2,-6.0,-0.2
532,ロペス,西,右,SP,10.0,46,162,144,179,164,-4.3,8.7,13.0,5.97,5.3,6.61,6.06,6.6,0.697,42.2,8.8,42.9,6.1,-3.2,-0.2
533,今村 信貴,巨,左,SP,5.0,21,184,129,233,176,0.0,4.8,4.8,6.77,4.75,8.57,6.5,14.4,0.75,42.7,16.5,34.9,5.9,-2.7,-0.2
534,奥田 域太,ハ,左,SP,58.3,259,122,113,136,131,-0.4,5.4,5.8,4.7,4.35,5.22,5.03,4.4,0.602,46.8,8.8,39.0,5.4,-8.9,-0.2
535,小林 慶祐,O,右,RP,7.3,34,173,91,177,110,8.8,14.7,5.9,6.37,3.35,6.53,4.04,19.7,0.565,47.8,11.6,32.7,8.0,-2.3,-0.2
536,小林 珠維,ソ,右,SP,9.0,43,177,148,185,161,-9.3,4.7,14.0,6.8,5.69,7.13,6.19,10.6,0.719,61.7,9.6,25.7,3.0,-3.3,-0.2
537,大谷 輝龍,ロ,右,RP,10.0,45,176,118,158,109,2.2,11.1,8.9,6.47,4.35,5.83,4.01,16.4,0.774,42.2,8.8,30.8,18.2,-2.4,-0.2
538,奥田 域太,ハ,左,RP,6.3,30,160,126,191,164,-3.3,3.3,6.7,6.15,4.85,7.36,6.29,7.6,0.6,43.8,7.6,48.7,0.0,-2.5,-0.3
539,常廣 羽也斗,広,右,SP,16.7,83,160,112,160,121,3.6,18.1,14.5,6.16,4.3,6.16,4.64,14.0,0.62,47.3,9.6,35.4,7.7,-4.3,-0.3
540,藤嶋 健人,中,右,RP,3.0,13,289,83,299,99,15.4,23.1,7.7,11.13,3.19,11.51,3.81,37.7,0.8,34.6,3.9,47.3,14.3,-2.6,-0.3
541,河村 説人,ロ,右,SP,12.0,53,202,103,178,91,7.5,17.0,9.4,7.45,3.81,6.56,3.35,21.9,0.71,36.2,3.1,40.7,20.0,-3.8,-0.3
542,髙田 琢登,デ,左,SP,3.7,23,299,224,296,239,-21.7,0.0,21.7,11.0,8.25,10.92,8.81,13.2,0.625,53.5,7.9,38.5,0.0,-2.9,-0.3
543,伊藤 翔,西,右,RP,8.0,35,149,123,182,160,0.0,11.4,11.4,5.49,4.54,6.71,5.88,7.8,0.68,44.3,10.1,45.6,0.0,-2.7,-0.3
544,マルティネス,神,右,RP,8.3,38,165,96,178,118,10.5,18.4,7.9,6.34,3.7,6.86,4.54,18.4,0.609,50.1,10.5,35.4,4.0,-2.8,-0.3
545,前川 哲,O,右,RP,13.3,62,146,162,151,169,-6.5,14.5,21.0,5.39,5.98,5.57,6.21,0.0,0.737,43.5,3.7,47.4,5.4,-2.8,-0.3
546,水上 由伸,西,右,RP,12.0,54,157,115,157,122,1.9,11.1,9.3,5.78,4.22,5.77,4.48,11.1,0.641,39.5,9.0,39.3,12.2,-2.8,-0.3
547,宮澤 太成,西,右,RP,8.0,38,146,172,183,213,-10.5,2.6,13.2,5.37,6.34,6.75,7.83,0.0,0.71,29.5,6.5,60.5,3.6,-2.7,-0.3
548,根本 悠楓,日,左,RP,6.0,33,218,179,217,186,-9.1,9.1,18.2,8.03,6.6,8.0,6.85,9.8,0.619,39.5,9.5,42.0,9.1,-2.9,-0.3
549,沼田 翔平,ヤ,右,SP,7.0,38,223,151,225,167,-2.6,13.2,15.8,8.22,5.55,8.28,6.13,12.6,0.609,29.0,7.2,55.7,8.0,-3.6,-0.3
550,三浦 銀二,デ,右,RP,10.7,54,173,160,169,160,-7.4,7.4,14.8,6.37,5.88,6.22,5.91,5.3,0.641,26.9,11.1,44.5,17.5,-3.0,-0.3
551,黒木 優太,日,右,RP,15.7,70,138,108,150,127,2.9,5.7,2.9,5.09,3.99,5.54,4.67,8.8,0.644,45.5,11.8,34.4,8.3,-3.2,-0.3
552,ベタンセス,神,右,RP,8.7,42,180,148,188,158,-2.4,19.0,21.4,6.93,5.68,7.22,6.07,15.3,0.667,59.5,10.7,25.2,4.5,-3.3,-0.3
553,野中 天翔,中,左,SP,9.0,40,177,115,207,147,2.5,17.5,15.0,6.8,4.44,7.97,5.65,16.8,0.696,49.0,11.2,39.7,0.0,-4.1,-0.3
554,森木 大智,神,右,RP,8.0,47,214,225,197,209,-17.0,10.6,27.7,8.21,8.65,7.59,8.04,0.0,0.731,52.6,4.2,35.5,7.7,-3.3,-0.3
555,沼田 翔平,ヤ,右,RP,27.3,115,127,105,132,114,5.2,13.0,7.8,4.68,3.86,4.86,4.19,7.5,0.694,44.8,5.9,42.4,6.9,-3.6,-0.3
556,前川 哲,O,右,SP,13.0,60,190,147,189,150,-5.0,15.0,20.0,6.98,5.43,6.97,5.53,13.8,0.735,51.0,6.0,34.7,8.3,-4.7,-0.4
557,赤上 優人,西,右,RP,18.0,74,122,135,149,167,-1.4,6.8,8.1,4.48,4.99,5.5,6.16,0.0,0.746,43.2,12.0,39.5,5.4,-3.6,-0.4
558,池谷 蒼大,ハ,左,RP,12.0,54,166,180,173,189,-20.4,3.7,24.1,6.38,6.93,6.64,7.28,0.0,0.744,41.3,5.5,42.7,10.5,-3.7,-0.4
559,湯浅 京己,神,右,RP,17.0,80,142,136,156,152,-3.8,11.3,15.0,5.46,5.21,6.0,5.85,4.2,0.696,44.7,9.4,40.6,5.4,-4.1,-0.4
560,津田 淳哉,神,右,RP,7.0,40,239,116,230,142,2.5,10.0,7.5,9.18,4.48,8.86,5.47,17.9,0.519,32.6,11.4,46.0,10.0,-3.9,-0.4
561,福島 章太,中,左,RP,15.3,76,163,151,163,154,-3.9,15.8,19.7,6.27,5.82,6.28,5.93,6.0,0.636,54.0,5.5,35.9,4.5,-4.1,-0.4
562,清宮 虎多朗,楽,右,RP,14.3,71,175,136,168,136,-1.4,16.9,18.3,6.43,5.0,6.2,5.01,13.6,0.585,54.9,7.7,30.3,7.1,-4.0,-0.4
563,渡邊 佑樹,ソ,左,RP,15.3,65,153,139,166,152,-1.5,13.8,15.4,5.88,5.34,6.37,5.84,8.0,0.775,53.9,10.6,28.2,7.3,-4.3,-0.4
564,東海林 碧波,ハ,左,RP,8.3,50,234,242,218,227,-14.0,20.0,34.0,8.98,9.3,8.37,8.72,0.0,0.778,40.3,4.5,38.5,16.7,-4.2,-0.4
565,永島田 輝斗,ロ,右,RP,17.0,73,146,124,161,142,2.7,15.1,12.3,5.37,4.58,5.95,5.24,7.0,0.75,31.3,6.5,54.0,8.2,-4.3,-0.4
566,内田 健太,O,左,RP,22.0,103,133,116,149,135,3.9,13.6,9.7,4.91,4.26,5.47,4.97,6.8,0.63,44.5,10.8,39.0,5.7,-4.4,-0.4
567,竹内 奎人,ハ,右,RP,21.3,111,144,163,152,171,-9.0,4.5,13.5,5.53,6.26,5.84,6.59,0.0,0.648,37.7,6.5,48.9,6.9,-4.7,-0.5
568,椎葉 剛,神,右,RP,10.7,53,171,155,200,188,-7.5,9.4,17.0,6.56,5.95,7.7,7.22,5.6,0.583,39.4,9.8,48.0,2.9,-4.6,-0.5
569,竹内 奎人,ハ,右,SP,25.0,110,154,140,170,159,-6.4,7.3,13.6,5.9,5.39,6.55,6.1,5.8,0.753,47.3,7.5,40.3,4.9,-7.5,-0.5
570,大生 虎史,ハ,右,SP,17.3,73,147,143,194,192,-8.2,9.6,17.8,5.66,5.49,7.47,7.39,3.7,0.706,38.2,10.8,51.0,0.0,-7.0,-0.5
571,大生 虎史,ハ,右,RP,11.3,65,223,177,210,174,-12.3,12.3,24.6,8.58,6.83,8.09,6.7,11.9,0.622,43.0,8.8,37.9,10.3,-5.3,-0.6
572,日髙 暖己,広,右,SP,12.0,59,227,132,230,145,1.7,13.6,11.9,8.71,5.07,8.85,5.59,19.5,0.647,42.4,6.2,43.5,7.9,-6.7,-0.6
573,下 慎之介,ヤ,左,RP,17.3,78,159,169,182,195,-7.7,16.7,24.4,5.85,6.21,6.71,7.18,0.0,0.81,54.9,8.8,36.2,0.0,-5.8,-0.6
574,藤本 颯太,ハ,右,RP,20.7,109,176,188,190,204,-14.7,10.1,24.8,6.75,7.22,7.33,7.86,0.0,0.647,48.2,9.0,39.8,3.0,-8.0,-0.8
575,モラ,ハ,右,SP,40.0,213,174,179,192,199,-12.7,10.8,23.5,6.69,6.88,7.37,7.67,1.7,0.627,41.3,10.7,43.4,4.5,-15.7,-1.2
